X_mm,Y_mm,WF_mean_Âµm
-5.4,3.3,
-5.25,3.3,
-5.1,3.3,
-4.95,3.3,
-4.8,3.3,
-4.65,3.3,
-4.5,3.3,
-4.35,3.3,
-4.2,3.3,
-4.05,3.3,
-3.9,3.3,
-3.75,3.3,
-3.6,3.3,
-3.45,3.3,
-3.3,3.3,
-3.15,3.3,
-3.0,3.3,
-2.85,3.3,
-2.7,3.3,
-2.55,3.3,
-2.4,3.3,
-2.25,3.3,
-2.1,3.3,
-1.95,3.3,
-1.8,3.3,
-1.65,3.3,
-1.5,3.3,
-1.35,3.3,
-1.2,3.3,
-1.05,3.3,
-0.9,3.3,
-0.75,3.3,
-0.6,3.3,
-0.45,3.3,
-0.3,3.3,
-0.15,3.3,
0.0,3.3,
0.15,3.3,
0.3,3.3,
0.45,3.3,
0.6,3.3,
0.75,3.3,
0.9,3.3,
1.05,3.3,
1.2,3.3,
1.35,3.3,
1.5,3.3,
1.65,3.3,
1.8,3.3,
1.95,3.3,
2.1,3.3,
2.25,3.3,
2.4,3.3,
2.55,3.3,
2.7,3.3,
2.85,3.3,
3.0,3.3,
3.15,3.3,
3.3,3.3,
3.45,3.3,
3.6,3.3,
3.75,3.3,
3.9,3.3,
4.05,3.3,
4.2,3.3,
4.35,3.3,
4.5,3.3,
4.65,3.3,
4.8,3.3,
4.95,3.3,
5.1,3.3,
5.25,3.3,
5.4,3.3,
,3.3,
-5.4,3.15,
-5.25,3.15,
-5.1,3.15,
-4.95,3.15,-412.0701000000001
-4.8,3.15,-398.63480000000004
-4.65,3.15,-385.47529999999995
-4.5,3.15,-372.59325
-4.35,3.15,-359.9888
-4.2,3.15,-347.66814999999997
-4.05,3.15,-335.63520000000005
-3.9,3.15,-323.88620000000003
-3.75,3.15,-312.4192
-3.6,3.15,-301.22499999999997
-3.45,3.15,-290.29890000000006
-3.3,3.15,-279.6329
-3.15,3.15,-269.21315000000004
-3.0,3.15,-259.02840000000003
-2.85,3.15,-249.05160000000006
-2.7,3.15,-239.26259999999996
-2.55,3.15,-229.6476
-2.4,3.15,-220.19265000000001
-2.25,3.15,-210.89175
-2.1,3.15,-201.72769999999997
-1.95,3.15,-192.70270000000002
-1.8,3.15,-183.799
-1.65,3.15,-175.00975
-1.5,3.15,-166.3384
-1.35,3.15,-157.78045000000003
-1.2,3.15,-149.33434999999997
-1.05,3.15,-141.0124
-0.9,3.15,-132.8126
-0.75,3.15,-124.7524
-0.6,3.15,-116.83854999999998
-0.45,3.15,-109.08255000000001
-0.3,3.15,-101.51935
-0.15,3.15,-94.16074999999998
0.0,3.15,-87.01725
0.15,3.15,-80.25445
0.3,3.15,-73.66794999999999
0.45,3.15,-67.22865
0.6,3.15,-60.907999999999994
0.75,3.15,-54.687349999999995
0.9,3.15,-48.54370000000001
1.05,3.15,-42.459700000000005
1.2,3.15,-36.42184999999999
1.35,3.15,-30.43535
1.5,3.15,-24.501950000000008
1.65,3.15,-18.633850000000002
1.8,3.15,-12.844800000000003
1.95,3.15,-7.144650000000001
2.1,3.15,-1.5518499999999995
2.25,3.15,3.9219500000000003
2.4,3.15,9.273900000000001
2.55,3.15,14.5125
2.7,3.15,19.6378
2.85,3.15,24.6722
3.0,3.15,29.626149999999996
3.15,3.15,34.51774999999999
3.3,3.15,39.354400000000005
3.45,3.15,44.1541
3.6,3.15,48.94035
3.75,3.15,53.733000000000004
3.9,3.15,58.555600000000005
4.05,3.15,63.420100000000005
4.2,3.15,68.34625
4.35,3.15,73.35005000000001
4.5,3.15,78.43605
4.65,3.15,83.60690000000001
4.8,3.15,88.86585
4.95,3.15,94.20665
5.1,3.15,99.63265000000001
5.25,3.15,105.127
5.4,3.15,
,3.15,
-5.4,3.0,
-5.25,3.0,
-5.1,3.0,-414.21000000000004
-4.95,3.0,-401.92479999999995
-4.8,3.0,-388.5287
-4.65,3.0,-375.4039000000001
-4.5,3.0,-362.55244999999996
-4.35,3.0,-349.97925000000004
-4.2,3.0,-337.69005000000004
-4.05,3.0,-325.68705000000006
-3.9,3.0,-313.9718
-3.75,3.0,-302.5443
-3.6,3.0,-291.39829999999995
-3.45,3.0,-280.52835000000005
-3.3,3.0,-269.93035
-3.15,3.0,-259.5952
-3.0,3.0,-249.5109
-2.85,3.0,-239.6627
-2.7,3.0,-230.03850000000003
-2.55,3.0,-220.62275
-2.4,3.0,-211.39490000000006
-2.25,3.0,-202.34235
-2.1,3.0,-193.43955
-1.95,3.0,-184.68585000000002
-1.8,3.0,-176.0605
-1.65,3.0,-167.55514999999997
-1.5,3.0,-159.16789999999997
-1.35,3.0,-150.89035
-1.2,3.0,-142.72175
-1.05,3.0,-134.6689
-0.9,3.0,-126.7307
-0.75,3.0,-118.91810000000001
-0.6,3.0,-111.23644999999999
-0.45,3.0,-103.69430000000003
-0.3,3.0,-96.32469999999999
-0.15,3.0,-89.14420000000001
0.0,3.0,-82.1606
0.15,3.0,-75.53690000000002
0.3,3.0,-69.07050000000001
0.45,3.0,-62.72360000000001
0.6,3.0,-56.466449999999995
0.75,3.0,-50.285249999999984
0.9,3.0,-44.160250000000005
1.05,3.0,-38.07899999999999
1.2,3.0,-32.03295
1.35,3.0,-26.034450000000003
1.5,3.0,-20.093649999999997
1.65,3.0,-14.228050000000001
1.8,3.0,-8.452549999999999
1.95,3.0,-2.7819499999999993
2.1,3.0,2.7655499999999997
2.25,3.0,8.185050000000002
2.4,3.0,13.476799999999997
2.55,3.0,18.63785
2.7,3.0,23.67825
2.85,3.0,28.61775
3.0,3.0,33.465999999999994
3.15,3.0,38.261250000000004
3.3,3.0,43.01554999999999
3.45,3.0,47.75280000000001
3.6,3.0,52.501549999999995
3.75,3.0,57.27700000000001
3.9,3.0,62.10595000000001
4.05,3.0,66.9971
4.2,3.0,71.96785
4.35,3.0,77.0289
4.5,3.0,82.17920000000001
4.65,3.0,87.41635
4.8,3.0,92.73905
4.95,3.0,98.1412
5.1,3.0,103.62060000000001
5.25,3.0,109.1635
5.4,3.0,
,3.0,
-5.4,2.85,
-5.25,2.85,
-5.1,2.85,-403.8141176470588
-4.95,2.85,-390.8775
-4.8,2.85,-377.6066
-4.65,2.85,-364.60145
-4.5,2.85,-351.8646
-4.35,2.85,-339.40439999999995
-4.2,2.85,-327.2252500000001
-4.05,2.85,-315.32935
-3.9,2.85,-303.72405000000003
-3.75,2.85,-292.4076
-3.6,2.85,-281.37675
-3.45,2.85,-270.63120000000004
-3.3,2.85,-260.16655000000003
-3.15,2.85,-249.97704999999996
-3.0,2.85,-240.05154999999996
-2.85,2.85,-230.37980000000002
-2.7,2.85,-220.94714999999997
-2.55,2.85,-211.73665
-2.4,2.85,-202.73240000000004
-2.25,2.85,-193.91649999999998
-2.1,2.85,-185.26895000000002
-1.95,2.85,-176.77835
-1.8,2.85,-168.42664999999997
-1.65,2.85,-160.20390000000003
-1.5,2.85,-152.10015
-1.35,2.85,-144.10904999999997
-1.2,2.85,-136.22525
-1.05,2.85,-128.45199999999997
-0.9,2.85,-120.78869999999999
-0.75,2.85,-113.23705000000002
-0.6,2.85,-105.8065
-0.45,2.85,-98.5001
-0.3,2.85,-91.34035000000002
-0.15,2.85,-84.3434
0.0,2.85,-77.53645000000002
0.15,2.85,-71.04934999999999
0.3,2.85,-64.67255000000002
0.45,2.85,-58.39175
0.6,2.85,-52.16775
0.75,2.85,-46.0006
0.9,2.85,-39.873400000000004
1.05,2.85,-33.7796
1.2,2.85,-27.715300000000003
1.35,2.85,-21.703500000000002
1.5,2.85,-15.759399999999996
1.65,2.85,-9.90695
1.8,2.85,-4.1555
1.95,2.85,1.4707000000000001
2.1,2.85,6.959100000000001
2.25,2.85,12.31195
2.4,2.85,17.532149999999998
2.55,2.85,22.626399999999997
2.7,2.85,27.60935
2.85,2.85,32.502300000000005
3.0,2.85,37.32215
3.15,2.85,42.1062
3.3,2.85,46.873200000000004
3.45,2.85,51.65
3.6,2.85,56.462599999999995
3.75,2.85,61.32644999999998
3.9,2.85,66.26530000000001
4.05,2.85,71.28549999999998
4.2,2.85,76.39904999999999
4.35,2.85,81.6082
4.5,2.85,86.9083
4.65,2.85,92.29585
4.8,2.85,97.76259999999999
4.95,2.85,103.30165
5.1,2.85,108.9093
5.25,2.85,114.57185000000001
5.4,2.85,
,2.85,
-5.4,2.7,
-5.25,2.7,
-5.1,2.7,-393.3082
-4.95,2.7,-380.09125000000006
-4.8,2.7,-366.9470000000001
-4.65,2.7,-354.0625
-4.5,2.7,-341.4452
-4.35,2.7,-329.10074999999995
-4.2,2.7,-317.03270000000003
-4.05,2.7,-305.24445000000003
-3.9,2.7,-293.74620000000004
-3.75,2.7,-282.53604999999993
-3.6,2.7,-271.61620000000005
-3.45,2.7,-260.986
-3.3,2.7,-250.64355
-3.15,2.7,-240.5854
-3.0,2.7,-230.80499999999998
-2.85,2.7,-221.2904499999999
-2.7,2.7,-212.02975
-2.55,2.7,-203.01010000000002
-2.4,2.7,-194.21269999999998
-2.25,2.7,-185.6218
-2.1,2.7,-177.21790000000004
-1.95,2.7,-168.9817
-1.8,2.7,-160.89735
-1.65,2.7,-152.95039999999997
-1.5,2.7,-145.1292
-1.35,2.7,-137.4259
-1.2,2.7,-129.8323
-1.05,2.7,-122.34644999999998
-0.9,2.7,-114.96585
-0.75,2.7,-107.69144999999999
-0.6,2.7,-100.52895
-0.45,2.7,-93.47734999999999
-0.3,2.7,-86.55195000000002
-0.15,2.7,-79.76365000000001
0.0,2.7,-73.13675
0.15,2.7,-66.76739999999998
0.3,2.7,-60.44095000000002
0.45,2.7,-54.200099999999985
0.6,2.7,-47.977
0.75,2.7,-41.808299999999996
0.9,2.7,-35.663850000000004
1.05,2.7,-29.545650000000002
1.2,2.7,-23.455399999999997
1.35,2.7,-17.437900000000003
1.5,2.7,-11.50005
1.65,2.7,-5.679250000000001
1.8,2.7,0.030650000000000243
1.95,2.7,5.5974
2.1,2.7,11.0136
2.25,2.7,16.28925
2.4,2.7,21.4351
2.55,2.7,26.470000000000006
2.7,2.7,31.40315
2.85,2.7,36.2606
3.0,2.7,41.0697
3.15,2.7,45.86339999999999
3.3,2.7,50.66715
3.45,2.7,55.50605
3.6,2.7,60.40685
3.75,2.7,65.38565
3.9,2.7,70.45570000000001
4.05,2.7,75.62245000000001
4.2,2.7,80.89005
4.35,2.7,86.25565000000002
4.5,2.7,91.70899999999999
4.65,2.7,97.24425
4.8,2.7,102.85095000000001
4.95,2.7,108.52074999999998
5.1,2.7,114.24864999999997
5.25,2.7,120.02435
5.4,2.7,
,2.7,
-5.4,2.55,
-5.25,2.55,
-5.1,2.55,-382.68880000000007
-4.95,2.55,-369.5613
-4.8,2.55,-356.5498000000001
-4.65,2.55,-343.79205
-4.5,2.55,-331.2969499999999
-4.35,2.55,-319.0686999999999
-4.2,2.55,-307.11275
-4.05,2.55,-295.4344500000001
-3.9,2.55,-284.04630000000003
-3.75,2.55,-272.93999999999994
-3.6,2.55,-262.125
-3.45,2.55,-251.60440000000003
-3.3,2.55,-241.37534999999997
-3.15,2.55,-231.43620000000004
-3.0,2.55,-221.78409999999994
-2.85,2.55,-212.41195000000002
-2.7,2.55,-203.30665000000005
-2.55,2.55,-194.45884999999996
-2.4,2.55,-185.85254999999998
-2.25,2.55,-177.47125
-2.1,2.55,-169.29489999999996
-1.95,2.55,-161.3039
-1.8,2.55,-153.47865000000002
-1.65,2.55,-145.80165000000002
-1.5,2.55,-138.26045000000005
-1.35,2.55,-130.8412
-1.2,2.55,-123.53705
-1.05,2.55,-116.3412
-0.9,2.55,-109.25050000000002
-0.75,2.55,-102.26295
-0.6,2.55,-95.38119999999999
-0.45,2.55,-88.6049
-0.3,2.55,-81.94005000000001
-0.15,2.55,-75.38625
0.0,2.55,-68.96554999999998
0.15,2.55,-62.67895000000001
0.3,2.55,-56.336299999999994
0.45,2.55,-50.124300000000005
0.6,2.55,-43.86130000000001
0.75,2.55,-37.68645000000001
0.9,2.55,-31.51235000000001
1.05,2.55,-25.363049999999994
1.2,2.55,-19.246599999999997
1.35,2.55,-13.2443
1.5,2.55,-7.32775
1.65,2.55,-1.5608500000000003
1.8,2.55,4.0952
1.95,2.55,9.5827
2.1,2.55,14.9119
2.25,2.55,20.107899999999997
2.4,2.55,25.1881
2.55,2.55,30.17015
2.7,2.55,35.06875000000001
2.85,2.55,39.9088
3.0,2.55,44.72534999999999
3.15,2.55,49.55380000000001
3.3,2.55,54.421400000000006
3.45,2.55,59.349900000000005
3.6,2.55,64.36485000000002
3.75,2.55,69.47945
3.9,2.55,74.699
4.05,2.55,80.02634999999998
4.2,2.55,85.45374999999999
4.35,2.55,90.97625000000001
4.5,2.55,96.58000000000001
4.65,2.55,102.25755
4.8,2.55,107.99704999999999
4.95,2.55,113.78920000000002
5.1,2.55,119.62825000000001
5.25,2.55,125.50750000000002
5.4,2.55,
,2.55,
-5.4,2.4,
-5.25,2.4,
-5.1,2.4,-372.32439999999997
-4.95,2.4,-359.2805
-4.8,2.4,-346.4067
-4.65,2.4,-333.78395
-4.5,2.4,-321.41745000000003
-4.35,2.4,-309.31100000000004
-4.2,2.4,-297.47255
-4.05,2.4,-285.90420000000006
-3.9,2.4,-274.62495
-3.75,2.4,-263.62505
-3.6,2.4,-252.91294999999997
-3.45,2.4,-242.49470000000002
-3.3,2.4,-232.372
-3.15,2.4,-222.54415000000003
-3.0,2.4,-213.00919999999996
-2.85,2.4,-203.76299999999998
-2.7,2.4,-194.7959
-2.55,2.4,-186.10275000000001
-2.4,2.4,-177.66735
-2.25,2.4,-169.47655
-2.1,2.4,-161.51119999999997
-1.95,2.4,-153.75015000000002
-1.8,2.4,-146.17195
-1.65,2.4,-138.75585
-1.5,2.4,-131.48789999999997
-1.35,2.4,-124.34939999999999
-1.2,2.4,-117.3323
-1.05,2.4,-110.4286
-0.9,2.4,-103.63005000000001
-0.75,2.4,-96.93310000000002
-0.6,2.4,-90.33935000000001
-0.45,2.4,-83.8536
-0.3,2.4,-77.4773
-0.15,2.4,-71.18409999999999
0.0,2.4,-65.03359999999999
0.15,2.4,-58.880100000000006
0.3,2.4,-52.6681
0.45,2.4,-46.49960000000001
0.6,2.4,-40.28759999999999
0.75,2.4,-34.128550000000004
0.9,2.4,-28.004150000000003
1.05,2.4,-21.928500000000003
1.2,2.4,-15.88955
1.35,2.4,-9.962349999999999
1.5,2.4,-4.14705
1.65,2.4,1.5325
1.8,2.4,7.14135
1.95,2.4,12.520900000000001
2.1,2.4,17.7559
2.25,2.4,22.882550000000002
2.4,2.4,27.910950000000003
2.55,2.4,32.85385000000001
2.7,2.4,37.73205
2.85,2.4,42.574299999999994
3.0,2.4,47.42280000000001
3.15,2.4,52.31345
3.3,2.4,57.272499999999994
3.45,2.4,62.31780000000001
3.6,2.4,67.47199999999998
3.75,2.4,72.74170000000001
3.9,2.4,78.12435
4.05,2.4,83.61829999999999
4.2,2.4,89.20879999999998
4.35,2.4,94.88690000000001
4.5,2.4,100.63719999999999
4.65,2.4,106.44840000000002
4.8,2.4,112.31040000000003
4.95,2.4,118.21419999999998
5.1,2.4,124.15549999999999
5.25,2.4,130.12795
5.4,2.4,
,2.4,
-5.4,2.25,
-5.25,2.25,
-5.1,2.25,-362.44335
-4.95,2.25,-349.4743
-4.8,2.25,-336.7439
-4.65,2.25,-324.2591499999999
-4.5,2.25,-312.0262
-4.35,2.25,-300.04810000000003
-4.2,2.25,-288.3311499999999
-4.05,2.25,-276.87809999999996
-3.9,2.25,-265.70835
-3.75,2.25,-254.8164
-3.6,2.25,-244.20954999999998
-3.45,2.25,-233.8919
-3.3,2.25,-223.87039999999996
-3.15,2.25,-214.1458
-3.0,2.25,-204.71635000000003
-2.85,2.25,-195.58469999999997
-2.7,2.25,-186.74245000000002
-2.55,2.25,-178.18404999999998
-2.4,2.25,-169.9018
-2.25,2.25,-161.88215000000005
-2.1,2.25,-154.10795000000002
-1.95,2.25,-146.5591
-1.8,2.25,-139.21305
-1.65,2.25,-132.04719999999998
-1.5,2.25,-125.04355000000001
-1.35,2.25,-118.18030000000002
-1.2,2.25,-111.44575
-1.05,2.25,-104.83130000000001
-0.9,2.25,-98.32714999999997
-0.75,2.25,-91.92179999999999
-0.6,2.25,-85.61645
-0.45,2.25,-79.4225
-0.3,2.25,-73.37370000000001
-0.15,2.25,-67.318
0.0,2.25,-61.332799999999985
0.15,2.25,-55.234950000000005
0.3,2.25,-49.061
0.45,2.25,-42.852199999999996
0.6,2.25,-36.69269999999999
0.75,2.25,-30.56789999999999
0.9,2.25,-24.50105
1.05,2.25,-18.494799999999998
1.2,2.25,-12.568900000000001
1.35,2.25,-6.755550000000001
1.5,2.25,-1.1170499999999997
1.65,2.25,4.35265
1.8,2.25,9.7401
1.95,2.25,14.923549999999997
2.1,2.25,20.089350000000003
2.25,2.25,25.1706
2.4,2.25,30.16255
2.55,2.25,35.082499999999996
2.7,2.25,39.9578
2.85,2.25,44.827
3.0,2.25,49.73495
3.15,2.25,54.718
3.3,2.25,59.797799999999995
3.45,2.25,64.98915000000001
3.6,2.25,70.3038
3.75,2.25,75.74225
3.9,2.25,81.29425
4.05,2.25,86.95475
4.2,2.25,92.7035
4.35,2.25,98.53065000000001
4.5,2.25,104.41665
4.65,2.25,110.35235
4.8,2.25,116.32624999999999
4.95,2.25,122.33040000000001
5.1,2.25,128.36444999999998
5.25,2.25,134.42275
5.4,2.25,
,2.25,
-5.4,2.1,
-5.25,2.1,
-5.1,2.1,-353.36074999999994
-4.95,2.1,-340.53914999999995
-4.8,2.1,-327.95494999999994
-4.65,2.1,-315.61389999999994
-4.5,2.1,-303.5198000000001
-4.35,2.1,-291.6749
-4.2,2.1,-280.08459999999997
-4.05,2.1,-268.75335000000007
-3.9,2.1,-257.69804999999997
-3.75,2.1,-246.91514999999998
-3.6,2.1,-236.41385
-3.45,2.1,-226.19915
-3.3,2.1,-216.27815
-3.15,2.1,-206.6549
-3.0,2.1,-197.3271
-2.85,2.1,-188.2993
-2.7,2.1,-179.56615
-2.55,2.1,-171.12664999999998
-2.4,2.1,-162.97685000000004
-2.25,2.1,-155.10725
-2.1,2.1,-147.50394999999995
-1.95,2.1,-140.14779999999996
-1.8,2.1,-133.0165
-1.65,2.1,-126.08629999999998
-1.5,2.1,-119.33679999999997
-1.35,2.1,-112.74195000000002
-1.2,2.1,-106.28205
-1.05,2.1,-99.9542
-0.9,2.1,-93.74449999999999
-0.75,2.1,-87.63419999999999
-0.6,2.1,-81.61585
-0.45,2.1,-75.68594999999999
-0.3,2.1,-69.78345000000002
-0.15,2.1,-63.74179999999999
0.0,2.1,-57.646350000000005
0.15,2.1,-51.472350000000006
0.3,2.1,-45.267
0.45,2.1,-39.069399999999995
0.6,2.1,-32.9177
0.75,2.1,-26.825750000000006
0.9,2.1,-20.8234
1.05,2.1,-14.9094
1.2,2.1,-9.133799999999997
1.35,2.1,-3.5190999999999995
1.5,2.1,1.9120000000000001
1.65,2.1,7.147150000000001
1.8,2.1,12.258149999999999
1.95,2.1,17.234299999999998
2.1,2.1,22.22885
2.25,2.1,27.20145
2.4,2.1,32.174600000000005
2.55,2.1,37.08810000000001
2.7,2.1,41.98040000000001
2.85,2.1,46.904500000000006
3.0,2.1,51.9036
3.15,2.1,57.01270000000001
3.3,2.1,62.24375
3.45,2.1,67.60505
3.6,2.1,73.09525000000001
3.75,2.1,78.7105
3.9,2.1,84.43390000000001
4.05,2.1,90.25594999999998
4.2,2.1,96.15700000000001
4.35,2.1,102.123
4.5,2.1,108.1327
4.65,2.1,114.17935
4.8,2.1,120.25259999999999
4.95,2.1,126.34729999999999
5.1,2.1,132.46735
5.25,2.1,138.6077
5.4,2.1,
,2.1,
-5.4,1.95,
-5.25,1.95,
-5.1,1.95,-344.8723999999999
-4.95,1.95,-332.20835
-4.8,1.95,-319.7761
-4.65,1.95,-307.5820500000001
-4.5,1.95,-295.63075
-4.35,1.95,-283.92500000000007
-4.2,1.95,-272.46889999999996
-4.05,1.95,-261.26515
-3.9,1.95,-250.32865
-3.75,1.95,-239.65945000000002
-3.6,1.95,-229.2669
-3.45,1.95,-219.15749999999994
-3.3,1.95,-209.33739999999997
-3.15,1.95,-199.81155000000004
-3.0,1.95,-190.5813
-2.85,1.95,-181.65305
-2.7,1.95,-173.0216
-2.55,1.95,-164.68955
-2.4,1.95,-156.65500000000003
-2.25,1.95,-148.91330000000002
-2.1,1.95,-141.45665
-1.95,1.95,-134.2698
-1.8,1.95,-127.33205000000002
-1.65,1.95,-120.622
-1.5,1.95,-114.112
-1.35,1.95,-107.77529999999999
-1.2,1.95,-101.58370000000001
-1.05,1.95,-95.53384999999999
-0.9,1.95,-89.61725
-0.75,1.95,-83.82140000000001
-0.6,1.95,-78.02309999999999
-0.45,1.95,-72.1288
-0.3,1.95,-66.08185
-0.15,1.95,-59.96355
0.0,1.95,-53.79415
0.15,1.95,-47.575100000000006
0.3,1.95,-41.36105
0.45,1.95,-35.17380000000001
0.6,1.95,-29.06454999999999
0.75,1.95,-23.020050000000005
0.9,1.95,-17.109100000000005
1.05,1.95,-11.3221
1.2,1.95,-5.738349999999999
1.35,1.95,-0.33719999999999983
1.5,1.95,4.889449999999999
1.65,1.95,9.9081
1.8,1.95,14.812749999999998
1.95,1.95,19.6073
2.1,1.95,24.400799999999997
2.25,1.95,29.202550000000002
2.4,1.95,34.0665
2.55,1.95,38.971599999999995
2.7,1.95,43.90715000000001
2.85,1.95,48.92335
3.0,1.95,54.052499999999995
3.15,1.95,59.320949999999996
3.3,1.95,64.72995
3.45,1.95,70.2778
3.6,1.95,75.95275
3.75,1.95,81.74479999999998
3.9,1.95,87.63615
4.05,1.95,93.6113
4.2,1.95,99.6524
4.35,1.95,105.74195
4.5,1.95,111.8613
4.65,1.95,118.00570000000002
4.8,1.95,124.16675000000001
4.95,1.95,130.34255000000002
5.1,1.95,136.53884999999997
5.25,1.95,142.7578
5.4,1.95,
,1.95,
-5.4,1.8,
-5.25,1.8,
-5.1,1.8,-336.82579999999996
-4.95,1.8,-324.32245
-4.8,1.8,-312.04695
-4.65,1.8,-300.00545
-4.5,1.8,-288.20174999999995
-4.35,1.8,-276.6388
-4.2,1.8,-265.32065
-4.05,1.8,-254.25045
-3.9,1.8,-243.44134999999997
-3.75,1.8,-232.89325
-3.6,1.8,-222.61509999999998
-3.45,1.8,-212.61339999999996
-3.3,1.8,-202.89540000000002
-3.15,1.8,-193.46839999999997
-3.0,1.8,-184.33535
-2.85,1.8,-175.50214999999997
-2.7,1.8,-166.96624999999997
-2.55,1.8,-158.73274999999998
-2.4,1.8,-150.8014
-2.25,1.8,-143.17170000000004
-2.1,1.8,-135.8396
-1.95,1.8,-128.79790000000003
-1.8,1.8,-122.02675000000002
-1.65,1.8,-115.51435
-1.5,1.8,-109.22900000000001
-1.35,1.8,-103.13734999999997
-1.2,1.8,-97.20444999999998
-1.05,1.8,-91.41255000000001
-0.9,1.8,-85.7679
-0.75,1.8,-80.12450000000001
-0.6,1.8,-74.30454999999999
-0.45,1.8,-68.33755
-0.3,1.8,-62.26369999999999
-0.15,1.8,-56.088049999999996
0.0,1.8,-49.859199999999994
0.15,1.8,-43.621500000000005
0.3,1.8,-37.41435
0.45,1.8,-31.26465
0.6,1.8,-25.177950000000003
0.75,1.8,-19.192700000000006
0.9,1.8,-13.410450000000003
1.05,1.8,-7.8000500000000015
1.2,1.8,-2.4246
1.35,1.8,2.7371000000000003
1.5,1.8,7.73315
1.65,1.8,12.569149999999999
1.8,1.8,17.315250000000002
1.95,1.8,21.979750000000003
2.1,1.8,26.669349999999998
2.25,1.8,31.368549999999992
2.4,1.8,36.119949999999996
2.55,1.8,41.00664999999999
2.7,1.8,46.03035000000001
2.85,1.8,51.19160000000001
3.0,1.8,56.49615
3.15,1.8,61.9551
3.3,1.8,67.55884999999999
3.45,1.8,73.29765
3.6,1.8,79.1558
3.75,1.8,85.11795000000001
3.9,1.8,91.16670000000002
4.05,1.8,97.28229999999999
4.2,1.8,103.44919999999998
4.35,1.8,109.64495000000002
4.5,1.8,115.86039999999998
4.65,1.8,122.08985
4.8,1.8,128.32864999999998
4.95,1.8,134.57934999999998
5.1,1.8,140.84945000000002
5.25,1.8,147.14335000000003
5.4,1.8,
,1.8,
-5.4,1.65,
-5.25,1.65,
-5.1,1.65,-329.08715000000007
-4.95,1.65,-316.74825
-4.8,1.65,-304.63559999999995
-4.65,1.65,-292.7525
-4.5,1.65,-281.1022
-4.35,1.65,-269.68679999999995
-4.2,1.65,-258.51405
-4.05,1.65,-247.58335000000005
-3.9,1.65,-236.90794999999997
-3.75,1.65,-226.48694999999998
-3.6,1.65,-216.32895
-3.45,1.65,-206.44215
-3.3,1.65,-196.83004999999997
-3.15,1.65,-187.50295
-3.0,1.65,-178.4668
-2.85,1.65,-169.72799999999998
-2.7,1.65,-161.28505
-2.55,1.65,-153.1445
-2.4,1.65,-145.30890000000005
-2.25,1.65,-137.77770000000004
-2.1,1.65,-130.55025000000003
-1.95,1.65,-123.6291
-1.8,1.65,-116.99825000000001
-1.65,1.65,-110.65179999999998
-1.5,1.65,-104.56845000000001
-1.35,1.65,-98.71129999999998
-1.2,1.65,-93.0347
-1.05,1.65,-87.48110000000001
-0.9,1.65,-81.9683
-0.75,1.65,-76.28415
-0.6,1.65,-70.4169
-0.45,1.65,-64.4246
-0.3,1.65,-58.32185
-0.15,1.65,-52.1457
0.0,1.65,-45.90194999999999
0.15,1.65,-39.62619999999999
0.3,1.65,-33.419599999999996
0.45,1.65,-27.291749999999997
0.6,1.65,-21.26325
0.75,1.65,-15.403
0.9,1.65,-9.779399999999999
1.05,1.65,-4.3907
1.2,1.65,0.7315499999999999
1.35,1.65,5.66365
1.5,1.65,10.435450000000003
1.65,1.65,15.100750000000001
1.8,1.65,19.730850000000004
1.95,1.65,24.316749999999995
2.1,1.65,28.915150000000004
2.25,1.65,33.57684999999999
2.4,1.65,38.30469999999999
2.55,1.65,43.17765
2.7,1.65,48.289
2.85,1.65,53.63824999999999
3.0,1.65,59.15805
3.15,1.65,64.82114999999999
3.3,1.65,70.62504999999999
3.45,1.65,76.55165
3.6,1.65,82.58415
3.75,1.65,88.7059
3.9,1.65,94.89595
4.05,1.65,101.1358
4.2,1.65,107.41049999999998
4.35,1.65,113.69770000000001
4.5,1.65,119.99460000000002
4.65,1.65,126.29639999999998
4.8,1.65,132.60765
4.95,1.65,138.92964999999998
5.1,1.65,145.27439999999999
5.25,1.65,151.64984999999996
5.4,1.65,
,1.65,
-5.4,1.5,
-5.25,1.5,
-5.1,1.5,-321.53665000000007
-4.95,1.5,-309.36205
-4.8,1.5,-297.41495
-4.65,1.5,-285.69455000000005
-4.5,1.5,-274.20475
-4.35,1.5,-262.9424
-4.2,1.5,-251.91715
-4.05,1.5,-241.1319
-3.9,1.5,-230.5964
-3.75,1.5,-220.3095
-3.6,1.5,-210.27670000000003
-3.45,1.5,-200.50900000000004
-3.3,1.5,-191.0099
-3.15,1.5,-181.78789999999998
-3.0,1.5,-172.85205
-2.85,1.5,-164.2086
-2.7,1.5,-155.85944999999998
-2.55,1.5,-147.81030000000004
-2.4,1.5,-140.0657
-2.25,1.5,-132.6238
-2.1,1.5,-125.49095000000003
-1.95,1.5,-118.6676
-1.8,1.5,-112.14994999999999
-1.65,1.5,-105.93490000000001
-1.5,1.5,-100.02035
-1.35,1.5,-94.38064999999999
-1.2,1.5,-88.9486
-1.05,1.5,-83.54245
-0.9,1.5,-78.01925000000001
-0.75,1.5,-72.32929999999999
-0.6,1.5,-66.4506
-0.45,1.5,-60.41275
-0.3,1.5,-54.29295
-0.15,1.5,-48.1381
0.0,1.5,-41.897000000000006
0.15,1.5,-35.59824999999999
0.3,1.5,-29.39455000000001
0.45,1.5,-23.2963
0.6,1.5,-17.35695
0.75,1.5,-11.666149999999998
0.9,1.5,-6.25085
1.05,1.5,-1.1146499999999997
1.2,1.5,3.7529000000000003
1.35,1.5,8.451799999999999
1.5,1.5,13.035850000000002
1.65,1.5,17.543200000000002
1.8,1.5,22.063050000000004
1.95,1.5,26.597849999999994
2.1,1.5,31.16105
2.25,1.5,35.802049999999994
2.4,1.5,40.575599999999994
2.55,1.5,45.51469999999999
2.7,1.5,50.67700000000001
2.85,1.5,56.13929999999999
3.0,1.5,61.86194999999999
3.15,1.5,67.7277
3.3,1.5,73.72245000000001
3.45,1.5,79.82739999999998
3.6,1.5,86.02300000000001
3.75,1.5,92.28895
3.9,1.5,98.60495
4.05,1.5,104.95179999999998
4.2,1.5,111.31334999999999
4.35,1.5,117.67749999999998
4.5,1.5,124.04374999999997
4.65,1.5,130.41225
4.8,1.5,136.79164999999998
4.95,1.5,143.18645
5.1,1.5,149.61084999999997
5.25,1.5,156.0753
5.4,1.5,
,1.5,
-5.4,1.35,
-5.25,1.35,
-5.1,1.35,-314.18835
-4.95,1.35,-302.18035
-4.8,1.35,-290.40045
-4.65,1.35,-278.8438
-4.5,1.35,-267.5155
-4.35,1.35,-256.41105000000005
-4.2,1.35,-245.54430000000002
-4.05,1.35,-234.90809999999996
-3.9,1.35,-224.51825
-3.75,1.35,-214.3744
-3.6,1.35,-204.4768
-3.45,1.35,-194.83305000000001
-3.3,1.35,-185.45170000000002
-3.15,1.35,-176.34025000000003
-3.0,1.35,-167.50844999999998
-2.85,1.35,-158.96295
-2.7,1.35,-150.70959999999997
-2.55,1.35,-142.7529
-2.4,1.35,-135.09749999999997
-2.25,1.35,-127.74369999999999
-2.1,1.35,-120.70034999999999
-1.95,1.35,-113.9645
-1.8,1.35,-107.53714999999997
-1.65,1.35,-101.42210000000001
-1.5,1.35,-95.62265
-1.35,1.35,-90.14599999999999
-1.2,1.35,-84.85934999999998
-1.05,1.35,-79.4494
-0.9,1.35,-73.90809999999999
-0.75,1.35,-68.22445
-0.6,1.35,-62.364050000000006
-0.45,1.35,-56.33800000000001
-0.3,1.35,-50.20255000000001
-0.15,1.35,-44.056300000000014
0.0,1.35,-37.82854999999999
0.15,1.35,-31.4945
0.3,1.35,-25.335549999999994
0.45,1.35,-19.344300000000004
0.6,1.35,-13.552100000000001
0.75,1.35,-8.075
0.9,1.35,-2.9126
1.05,1.35,1.9330500000000004
1.2,1.35,6.5996
1.35,1.35,11.10445
1.5,1.35,15.546700000000001
1.65,1.35,19.943949999999997
1.8,1.35,24.406299999999995
1.95,1.35,28.904800000000005
2.1,1.35,33.463800000000006
2.25,1.35,38.1538
2.4,1.35,42.99505
2.55,1.35,48.002100000000006
2.7,1.35,53.283249999999995
2.85,1.35,58.826249999999995
3.0,1.35,64.70535000000002
3.15,1.35,70.7698
3.3,1.35,76.95049999999998
3.45,1.35,83.22085000000001
3.6,1.35,89.56325000000001
3.75,1.35,95.9549
3.9,1.35,102.37765
4.05,1.35,108.81164999999999
4.2,1.35,115.24509999999998
4.35,1.35,121.6739
4.5,1.35,128.1009
4.65,1.35,134.5328
4.8,1.35,140.97960000000003
4.95,1.35,147.45240000000004
5.1,1.35,153.96479999999997
5.25,1.35,160.52965
5.4,1.35,
,1.35,
-5.4,1.2,
-5.25,1.2,
-5.1,1.2,-307.04395000000005
-4.95,1.2,-295.20585
-4.8,1.2,-283.592
-4.65,1.2,-272.20244999999994
-4.5,1.2,-261.04105
-4.35,1.2,-250.09980000000002
-4.2,1.2,-239.3933
-4.05,1.2,-228.91270000000003
-3.9,1.2,-218.67524999999995
-3.75,1.2,-208.67710000000002
-3.6,1.2,-198.91945000000004
-3.45,1.2,-189.41060000000002
-3.3,1.2,-180.15539999999993
-3.15,1.2,-171.1604
-3.0,1.2,-162.43779999999998
-2.85,1.2,-153.99495
-2.7,1.2,-145.83829999999998
-2.55,1.2,-137.97494999999998
-2.4,1.2,-130.41185
-2.25,1.2,-123.149
-2.1,1.2,-116.19284999999999
-1.95,1.2,-109.54054999999998
-1.8,1.2,-103.19520000000003
-1.65,1.2,-97.16170000000002
-1.5,1.2,-91.42999999999999
-1.35,1.2,-85.99535
-1.2,1.2,-80.6646
-1.05,1.2,-75.22325000000001
-0.9,1.2,-69.63829999999999
-0.75,1.2,-63.951750000000004
-0.6,1.2,-58.205
-0.45,1.2,-52.254149999999996
-0.3,1.2,-46.1044
-0.15,1.2,-39.9658
0.0,1.2,-33.70345
0.15,1.2,-27.358499999999992
0.3,1.2,-21.259049999999995
0.45,1.2,-15.40725
0.6,1.2,-9.878300000000001
0.75,1.2,-4.687449999999999
0.9,1.2,0.19115000000000001
1.05,1.2,4.78
1.2,1.2,9.26855
1.35,1.2,13.648599999999998
1.5,1.2,17.985499999999995
1.65,1.2,22.31715
1.8,1.2,26.764850000000003
1.95,1.2,31.262
2.1,1.2,35.84895
2.25,1.2,40.604200000000006
2.4,1.2,45.544050000000006
2.55,1.2,50.67555
2.7,1.2,56.08804999999999
2.85,1.2,61.75840000000001
3.0,1.2,67.737
3.15,1.2,73.97049999999999
3.3,1.2,80.3194
3.45,1.2,86.73790000000001
3.6,1.2,93.20655
3.75,1.2,99.70065
3.9,1.2,106.2091
4.05,1.2,112.71109999999999
4.2,1.2,119.20365000000001
4.35,1.2,125.68900000000001
4.5,1.2,132.17275
4.65,1.2,138.67089999999996
4.8,1.2,145.1905
4.95,1.2,151.74830000000003
5.1,1.2,158.3599
5.25,1.2,165.03600000000003
5.4,1.2,
,1.2,
-5.4,1.05,
-5.25,1.05,
-5.1,1.05,-299.75245
-4.95,1.05,-288.08405
-4.8,1.05,-276.64025000000004
-4.65,1.05,-265.419
-4.5,1.05,-254.42379999999994
-4.35,1.05,-243.64824999999996
-4.2,1.05,-233.10365000000002
-4.05,1.05,-222.7853
-3.9,1.05,-212.70645
-3.75,1.05,-202.86165
-3.6,1.05,-193.25090000000003
-3.45,1.05,-183.88419999999996
-3.3,1.05,-174.76385000000005
-3.15,1.05,-165.89439999999996
-3.0,1.05,-157.28755000000004
-2.85,1.05,-148.9513
-2.7,1.05,-140.89505
-2.55,1.05,-133.12795
-2.4,1.05,-125.65880000000001
-2.25,1.05,-118.48745000000001
-2.1,1.05,-111.62129999999999
-1.95,1.05,-105.0583
-1.8,1.05,-98.79760000000002
-1.65,1.05,-92.85754999999999
-1.5,1.05,-87.23495000000001
-1.35,1.05,-81.79375000000002
-1.2,1.05,-76.33570000000002
-1.05,1.05,-70.8275
-0.9,1.05,-65.2254
-0.75,1.05,-59.523199999999996
-0.6,1.05,-53.85809999999999
-0.45,1.05,-48.01225000000001
-0.3,1.05,-41.89509999999999
-0.15,1.05,-35.7764
0.0,1.05,-29.5351
0.15,1.05,-23.231700000000007
0.3,1.05,-17.242549999999998
0.45,1.05,-11.64055
0.6,1.05,-6.423799999999998
0.75,1.05,-1.5313
0.9,1.05,3.0456499999999993
1.05,1.05,7.435499999999999
1.2,1.05,11.7482
1.35,1.05,16.0522
1.5,1.05,20.368500000000004
1.65,1.05,24.70245
1.8,1.05,29.167100000000005
1.95,1.05,33.6991
2.1,1.05,38.34410000000001
2.25,1.05,43.2077
2.4,1.05,48.24115000000001
2.55,1.05,53.549549999999996
2.7,1.05,59.116049999999994
2.85,1.05,64.94094999999999
3.0,1.05,71.02865
3.15,1.05,77.38115
3.3,1.05,83.89745
3.45,1.05,90.4472
3.6,1.05,97.01939999999999
3.75,1.05,103.5959
3.9,1.05,110.16734999999998
4.05,1.05,116.72240000000002
4.2,1.05,123.26354999999998
4.35,1.05,129.80275
4.5,1.05,136.348
4.65,1.05,142.91895
4.8,1.05,149.5226
4.95,1.05,156.17895
5.1,1.05,162.89885000000004
5.25,1.05,169.69275000000005
5.4,1.05,
,1.05,
-5.4,0.9,
-5.25,0.9,
-5.1,0.9,-292.678
-4.95,0.9,-281.17979999999994
-4.8,0.9,-269.90475000000004
-4.65,0.9,-258.85105000000004
-4.5,0.9,-248.02279999999996
-4.35,0.9,-237.41575000000003
-4.2,0.9,-227.03594999999996
-4.05,0.9,-216.88395
-3.9,0.9,-206.96855000000005
-3.75,0.9,-197.28234999999998
-3.6,0.9,-187.82614999999998
-3.45,0.9,-178.60725
-3.3,0.9,-169.62945
-3.15,0.9,-160.8951
-3.0,0.9,-152.41209999999998
-2.85,0.9,-144.19
-2.7,0.9,-136.2393
-2.55,0.9,-128.5711
-2.4,0.9,-121.19399999999999
-2.25,0.9,-114.11514999999997
-2.1,0.9,-107.34020000000001
-1.95,0.9,-100.8687
-1.8,0.9,-94.68885000000002
-1.65,0.9,-88.81464999999999
-1.5,0.9,-83.18705
-1.35,0.9,-77.58170000000001
-1.2,0.9,-71.93299999999999
-1.05,0.9,-66.32265
-0.9,0.9,-60.6942
-0.75,0.9,-54.96825
-0.6,0.9,-49.33565
-0.45,0.9,-43.54365
-0.3,0.9,-37.5868
-0.15,0.9,-31.580599999999993
0.0,0.9,-25.35395
0.15,0.9,-19.130950000000002
0.3,0.9,-13.3436
0.45,0.9,-8.046149999999997
0.6,0.9,-3.18095
0.75,0.9,1.3909500000000004
0.9,0.9,5.696350000000001
1.05,0.9,9.91535
1.2,0.9,14.133799999999999
1.35,0.9,18.450350000000004
1.5,0.9,22.791749999999997
1.65,0.9,27.174100000000003
1.8,0.9,31.655499999999996
1.95,0.9,36.216350000000006
2.1,0.9,40.92604999999999
2.25,0.9,45.921
2.4,0.9,51.10965
2.55,0.9,56.60434999999999
2.7,0.9,62.3658
2.85,0.9,68.33805000000002
3.0,0.9,74.52715
3.15,0.9,80.9254
3.3,0.9,87.53065000000001
3.45,0.9,94.17439999999999
3.6,0.9,100.82365
3.75,0.9,107.45935000000001
3.9,0.9,114.0749
4.05,0.9,120.67155000000002
4.2,0.9,127.25769999999997
4.35,0.9,133.85490000000001
4.5,0.9,140.46939999999998
4.65,0.9,147.12345000000002
4.8,0.9,153.82479999999998
4.95,0.9,160.59255000000002
5.1,0.9,167.4333
5.25,0.9,174.35584999999998
5.4,0.9,
,0.9,
-5.4,0.75,
-5.25,0.75,
-5.1,0.75,-285.57325000000003
-4.95,0.75,-274.2461
-4.8,0.75,-263.139
-4.65,0.75,-252.25590000000003
-4.5,0.75,-241.59795
-4.35,0.75,-231.1609
-4.2,0.75,-220.94934999999995
-4.05,0.75,-210.96324999999996
-3.9,0.75,-201.21159999999998
-3.75,0.75,-191.6895
-3.6,0.75,-182.39324999999997
-3.45,0.75,-173.32914999999997
-3.3,0.75,-164.5006
-3.15,0.75,-155.91109999999998
-3.0,0.75,-147.56229999999996
-2.85,0.75,-139.4649
-2.7,0.75,-131.62919999999997
-2.55,0.75,-124.06255000000002
-2.4,0.75,-116.77860000000003
-2.25,0.75,-109.79235000000001
-2.1,0.75,-103.11045000000001
-1.95,0.75,-96.73485000000001
-1.8,0.75,-90.65645
-1.65,0.75,-84.8699
-1.5,0.75,-79.20915
-1.35,0.75,-73.42705000000001
-1.2,0.75,-67.60015
-1.05,0.75,-61.79965
-0.9,0.75,-56.070499999999996
-0.75,0.75,-50.34585
-0.6,0.75,-44.64614999999999
-0.45,0.75,-38.96225
-0.3,0.75,-33.193850000000005
-0.15,0.75,-27.3188
0.0,0.75,-21.176849999999998
0.15,0.75,-15.1287
0.3,0.75,-9.658349999999999
0.45,0.75,-4.69675
0.6,0.75,-0.12469999999999996
0.75,0.75,4.202799999999999
0.9,0.75,8.35625
1.05,0.75,12.458200000000001
1.2,0.75,16.58795
1.35,0.75,20.973049999999997
1.5,0.75,25.283500000000004
1.65,0.75,29.711749999999995
1.8,0.75,34.14765
1.95,0.75,38.75735
2.1,0.75,43.620799999999996
2.25,0.75,48.8052
2.4,0.75,54.2091
2.55,0.75,59.89924999999998
2.7,0.75,65.8358
2.85,0.75,71.92615000000002
3.0,0.75,78.1992
3.15,0.75,84.64565
3.3,0.75,91.29235000000001
3.45,0.75,98.01045
3.6,0.75,104.71665
3.75,0.75,111.39034999999998
3.9,0.75,118.0361
4.05,0.75,124.67075
4.2,0.75,131.30915
4.35,0.75,137.97204999999997
4.5,0.75,144.67020000000002
4.65,0.75,151.42295000000001
4.8,0.75,158.2377
4.95,0.75,165.12494999999998
5.1,0.75,172.0924
5.25,0.75,179.1506
5.4,0.75,
,0.75,
-5.4,0.6,
-5.25,0.6,
-5.1,0.6,-278.52235
-4.95,0.6,-267.36495
-4.8,0.6,-256.4288
-4.65,0.6,-245.71620000000001
-4.5,0.6,-235.22775000000001
-4.35,0.6,-224.9632
-4.2,0.6,-214.92204999999998
-4.05,0.6,-205.10315
-3.9,0.6,-195.51629999999997
-3.75,0.6,-186.15955000000002
-3.6,0.6,-177.0284
-3.45,0.6,-168.1258
-3.3,0.6,-159.454
-3.15,0.6,-151.01494999999997
-3.0,0.6,-142.81099999999998
-2.85,0.6,-134.848
-2.7,0.6,-127.13505000000002
-2.55,0.6,-119.67955000000002
-2.4,0.6,-112.49334999999999
-2.25,0.6,-105.59790000000001
-2.1,0.6,-99.00379999999998
-1.95,0.6,-92.72115
-1.8,0.6,-86.74355
-1.65,0.6,-81.03350000000002
-1.5,0.6,-75.29699999999998
-1.35,0.6,-69.38789999999999
-1.2,0.6,-63.41880000000001
-1.05,0.6,-57.45309999999999
-0.9,0.6,-51.538700000000006
-0.75,0.6,-45.674699999999994
-0.6,0.6,-39.8927
-0.45,0.6,-34.22195000000001
-0.3,0.6,-28.59405
-0.15,0.6,-22.9026
0.0,0.6,-16.979299999999995
0.15,0.6,-11.266299999999998
0.3,0.6,-6.20375
0.45,0.6,-1.57415
0.6,0.6,2.7905
0.75,0.6,7.02085
0.9,0.6,11.1995
1.05,0.6,15.374350000000002
1.2,0.6,19.58175
1.35,0.6,23.80895
1.5,0.6,27.9928
1.65,0.6,32.327149999999996
1.8,0.6,36.69
1.95,0.6,41.41715
2.1,0.6,46.47644999999999
2.25,0.6,51.90034999999999
2.4,0.6,57.5638
2.55,0.6,63.435300000000005
2.7,0.6,69.5039
2.85,0.6,75.70129999999999
3.0,0.6,82.03004999999999
3.15,0.6,88.48374999999999
3.3,0.6,95.11355
3.45,0.6,101.8768
3.6,0.6,108.62244999999999
3.75,0.6,115.31970000000001
3.9,0.6,121.99279999999999
4.05,0.6,128.66865
4.2,0.6,135.3689
4.35,0.6,142.11065
4.5,0.6,148.90810000000002
4.65,0.6,155.773
4.8,0.6,162.71275
4.95,0.6,169.73440000000002
5.1,0.6,176.84165
5.25,0.6,184.04145
5.4,0.6,
,0.6,
-5.4,0.45,
-5.25,0.45,
-5.1,0.45,-271.4175
-4.95,0.45,-260.4253
-4.8,0.45,-249.65879999999999
-4.65,0.45,-239.11604999999994
-4.5,0.45,-228.79770000000002
-4.35,0.45,-218.70474999999996
-4.2,0.45,-208.833
-4.05,0.45,-199.1828
-3.9,0.45,-189.7635
-3.75,0.45,-180.57415000000003
-3.6,0.45,-171.61059999999998
-3.45,0.45,-162.87345
-3.3,0.45,-154.3639
-3.15,0.45,-146.0842
-3.0,0.45,-138.03625
-2.85,0.45,-130.21864999999997
-2.7,0.45,-122.64065000000001
-2.55,0.45,-115.3059
-2.4,0.45,-108.22745
-2.25,0.45,-101.42385000000003
-2.1,0.45,-94.9135
-1.95,0.45,-88.72235
-1.8,0.45,-82.88125000000001
-1.65,0.45,-77.2409
-1.5,0.45,-71.40045
-1.35,0.45,-65.4143
-1.2,0.45,-59.34724999999999
-1.05,0.45,-53.253499999999995
-0.9,0.45,-47.154
-0.75,0.45,-41.08119999999999
-0.6,0.45,-35.092349999999996
-0.45,0.45,-29.2637
-0.3,0.45,-23.6296
-0.15,0.45,-18.15985
0.0,0.45,-12.7071
0.15,0.45,-7.66915
0.3,0.45,-3.1357
0.45,0.45,1.1409500000000001
0.6,0.45,5.308749999999998
0.75,0.45,9.457399999999998
0.9,0.45,13.637049999999999
1.05,0.45,17.8709
1.2,0.45,22.1817
1.35,0.45,26.57885
1.5,0.45,31.037149999999997
1.65,0.45,35.049850000000006
1.8,0.45,39.35264999999999
1.95,0.45,44.300799999999995
2.1,0.45,49.67625
2.25,0.45,55.372550000000004
2.4,0.45,61.2691
2.55,0.45,67.28324999999998
2.7,0.45,73.43529999999998
2.85,0.45,79.69239999999999
3.0,0.45,86.03925
3.15,0.45,92.50335
3.3,0.45,99.12840000000001
3.45,0.45,105.89359999999999
3.6,0.45,112.63785
3.75,0.45,119.34309999999998
3.9,0.45,126.04789999999998
4.05,0.45,132.78029999999998
4.2,0.45,139.55925
4.35,0.45,146.4024
4.5,0.45,153.31779999999998
4.65,0.45,160.30905
4.8,0.45,167.3837
4.95,0.45,174.54619999999997
5.1,0.45,181.80139999999994
5.25,0.45,189.15074999999996
5.4,0.45,
,0.45,
-5.4,0.3,
-5.25,0.3,-261.73
-5.1,0.3,-264.4871
-4.95,0.3,-253.66394999999997
-4.8,0.3,-243.06675
-4.65,0.3,-232.69225
-4.5,0.3,-222.54430000000002
-4.35,0.3,-212.62180000000004
-4.2,0.3,-202.92125000000001
-4.05,0.3,-193.44244999999998
-3.9,0.3,-184.1922
-3.75,0.3,-175.1697
-3.6,0.3,-166.37294999999997
-3.45,0.3,-157.8022
-3.3,0.3,-149.45945000000003
-3.15,0.3,-141.3439
-3.0,0.3,-133.45765
-2.85,0.3,-125.79645000000001
-2.7,0.3,-118.36955000000003
-2.55,0.3,-111.17419999999997
-2.4,0.3,-104.21565000000001
-2.25,0.3,-97.51299999999999
-2.1,0.3,-91.07794999999999
-1.95,0.3,-84.93560000000001
-1.8,0.3,-79.1243
-1.65,0.3,-73.467
-1.5,0.3,-67.55584999999999
-1.35,0.3,-61.50020000000001
-1.2,0.3,-55.35979999999999
-1.05,0.3,-49.1717
-0.9,0.3,-42.938100000000006
-0.75,0.3,-36.6862
-0.6,0.3,-30.49285000000001
-0.45,0.3,-24.317100000000003
-0.3,0.3,-18.30645
-0.15,0.3,-12.995750000000001
0.0,0.3,-8.343649999999998
0.15,0.3,-4.2010999999999985
0.3,0.3,-0.12240000000000002
0.45,0.3,3.9597500000000005
0.6,0.3,8.080350000000001
0.75,0.3,12.2644
0.9,0.3,16.527049999999996
1.05,0.3,20.876049999999996
1.2,0.3,25.317999999999998
1.35,0.3,29.857849999999996
1.5,0.3,34.46955
1.65,0.3,38.92245
1.8,0.3,43.86319999999999
1.95,0.3,49.30889999999999
2.1,0.3,55.085599999999985
2.25,0.3,61.028999999999996
2.4,0.3,67.07534999999999
2.55,0.3,73.17399999999999
2.7,0.3,79.37485
2.85,0.3,85.64275
3.0,0.3,91.97540000000001
3.15,0.3,98.41544999999999
3.3,0.3,104.99270000000001
3.45,0.3,111.7089
3.6,0.3,118.43609999999998
3.75,0.3,125.16579999999999
3.9,0.3,131.92334999999997
4.05,0.3,138.73805
4.2,0.3,145.6225
4.35,0.3,152.58295000000004
4.5,0.3,159.6264
4.65,0.3,166.75835
4.8,0.3,173.97829999999996
4.95,0.3,181.28894999999997
5.1,0.3,188.69455
5.25,0.3,196.19774999999998
5.4,0.3,
,0.3,
-5.4,0.15,
-5.25,0.15,-254.364
-5.1,0.15,-257.44169999999997
-4.95,0.15,-246.78824999999998
-4.8,0.15,-236.359
-4.65,0.15,-226.15344999999996
-4.5,0.15,-216.17495000000002
-4.35,0.15,-206.42175000000003
-4.2,0.15,-196.89285
-4.05,0.15,-187.58459999999997
-3.9,0.15,-178.5031
-3.75,0.15,-169.6487
-3.6,0.15,-161.0203
-3.45,0.15,-152.61800000000005
-3.3,0.15,-144.44339999999997
-3.15,0.15,-136.49370000000005
-3.0,0.15,-128.77214999999998
-2.85,0.15,-121.27514999999998
-2.7,0.15,-114.00950000000003
-2.55,0.15,-106.9694
-2.4,0.15,-100.15634999999997
-2.25,0.15,-93.57865000000001
-2.1,0.15,-87.24374999999999
-1.95,0.15,-81.17035000000001
-1.8,0.15,-75.38645000000001
-1.65,0.15,-69.69145
-1.5,0.15,-63.740700000000004
-1.35,0.15,-57.64559999999999
-1.2,0.15,-51.46859999999998
-1.05,0.15,-45.20285000000001
-0.9,0.15,-38.87585
-0.75,0.15,-32.5321
-0.6,0.15,-26.232250000000004
-0.45,0.15,-19.940700000000003
-0.3,0.15,-13.919000000000002
-0.15,0.15,-8.604249999999999
0.0,0.15,-4.057999999999998
0.15,0.15,0.006000000000000002
0.3,0.15,4.085999999999999
0.45,0.15,8.22635
0.6,0.15,12.444099999999995
0.75,0.15,16.747749999999996
0.9,0.15,21.1457
1.05,0.15,25.638249999999992
1.2,0.15,30.22785
1.35,0.15,34.9182
1.5,0.15,39.70615000000001
1.65,0.15,44.57675
1.8,0.15,49.70029999999999
1.95,0.15,55.462300000000006
2.1,0.15,61.488200000000006
2.25,0.15,67.54974999999999
2.4,0.15,73.65140000000001
2.55,0.15,79.7791
2.7,0.15,85.97184999999999
2.85,0.15,92.2217
3.0,0.15,98.51789999999998
3.15,0.15,104.91739999999997
3.3,0.15,111.44859999999998
3.45,0.15,118.09665
3.6,0.15,124.82334999999998
3.75,0.15,131.6171
3.9,0.15,138.4595
4.05,0.15,145.38165
4.2,0.15,152.38975
4.35,0.15,159.4853
4.5,0.15,166.67280000000002
4.65,0.15,173.95279999999997
4.8,0.15,181.32294999999996
4.95,0.15,188.786
5.1,0.15,196.34795
5.25,0.15,204.00775
5.4,0.15,
,0.15,
-5.4,0.0,
-5.25,0.0,-248.9675
-5.1,0.0,-250.24964999999997
-4.95,0.0,-239.7639
-4.8,0.0,-229.5038
-4.65,0.0,-219.46920000000006
-4.5,0.0,-209.66105
-4.35,0.0,-200.07879999999997
-4.2,0.0,-190.7196
-4.05,0.0,-181.58355
-3.9,0.0,-172.6708
-3.75,0.0,-163.98535
-3.6,0.0,-155.52575000000002
-3.45,0.0,-147.29275
-3.3,0.0,-139.28449999999998
-3.15,0.0,-131.5022
-3.0,0.0,-123.94775
-2.85,0.0,-116.61855
-2.7,0.0,-109.51870000000001
-2.55,0.0,-102.6413
-2.4,0.0,-95.98964999999998
-2.25,0.0,-89.56505000000001
-2.1,0.0,-83.36479999999999
-1.95,0.0,-77.39845
-1.8,0.0,-71.6574
-1.65,0.0,-65.88669999999999
-1.5,0.0,-59.896550000000005
-1.35,0.0,-53.781400000000005
-1.2,0.0,-47.585100000000004
-1.05,0.0,-41.28345
-0.9,0.0,-34.892250000000004
-0.75,0.0,-28.481550000000006
-0.6,0.0,-22.024649999999994
-0.45,0.0,-15.506350000000001
-0.3,0.0,-9.249199999999998
-0.15,0.0,-4.1334
0.0,0.0,0.0
0.15,0.0,4.066000000000001
0.3,0.0,8.223000000000003
0.45,0.0,12.477500000000003
0.6,0.0,16.830899999999996
0.75,0.0,21.277449999999998
0.9,0.0,25.822849999999995
1.05,0.0,30.468700000000002
1.2,0.0,35.21145
1.35,0.0,40.05309999999999
1.5,0.0,44.995
1.65,0.0,50.03320000000001
1.8,0.0,55.27995
1.95,0.0,60.94285
2.1,0.0,66.91765000000001
2.25,0.0,72.9671
2.4,0.0,79.05960000000002
2.55,0.0,85.17795
2.7,0.0,91.34575
2.85,0.0,97.58805000000002
3.0,0.0,103.87715
3.15,0.0,110.2539
3.3,0.0,116.74910000000003
3.45,0.0,123.34500000000003
3.6,0.0,130.07694999999998
3.75,0.0,136.93710000000004
3.9,0.0,143.88994999999997
4.05,0.0,150.94395000000003
4.2,0.0,158.0944
4.35,0.0,165.33845000000002
4.5,0.0,172.67740000000003
4.65,0.0,180.1107
4.8,0.0,187.63435
4.95,0.0,195.25009999999997
5.1,0.0,202.96765
5.25,0.0,210.78060000000005
5.4,0.0,
,0.0,
-5.4,-0.15,
-5.25,-0.15,-239.344
-5.1,-0.15,-242.94820000000004
-4.95,-0.15,-232.62815
-4.8,-0.15,-222.53519999999997
-4.65,-0.15,-212.67024999999998
-4.5,-0.15,-203.03209999999999
-4.35,-0.15,-193.6206
-4.2,-0.15,-184.43125000000003
-4.05,-0.15,-175.46864999999997
-3.9,-0.15,-166.72379999999998
-3.75,-0.15,-158.20614999999998
-3.6,-0.15,-149.91415
-3.45,-0.15,-141.84975000000003
-3.3,-0.15,-134.0098
-3.15,-0.15,-126.39644999999999
-3.0,-0.15,-119.01234999999997
-2.85,-0.15,-111.85085
-2.7,-0.15,-104.91809999999998
-2.55,-0.15,-98.21245
-2.4,-0.15,-91.7301
-2.25,-0.15,-85.4743
-2.1,-0.15,-79.4433
-1.95,-0.15,-73.64184999999999
-1.8,-0.15,-67.93225000000001
-1.65,-0.15,-62.06869999999999
-1.5,-0.15,-56.04735000000001
-1.35,-0.15,-49.916500000000006
-1.2,-0.15,-43.7123
-1.05,-0.15,-37.40445
-0.9,-0.15,-31.01645
-0.75,-0.15,-24.574499999999997
-0.6,-0.15,-18.110049999999998
-0.45,-0.15,-11.64115
-0.3,-0.15,-5.3248
-0.15,-0.15,-0.13824999999999998
0.0,-0.15,3.9930499999999993
0.15,-0.15,8.221000000000002
0.3,-0.15,12.537000000000004
0.45,-0.15,16.946850000000005
0.6,-0.15,21.456000000000003
0.75,-0.15,26.057650000000002
0.9,-0.15,30.75574999999999
1.05,-0.15,35.5561
1.2,-0.15,40.4519
1.35,-0.15,45.446850000000005
1.5,-0.15,50.53994999999999
1.65,-0.15,55.732749999999974
1.8,-0.15,61.21925000000001
1.95,-0.15,66.6134
2.1,-0.15,72.35605000000001
2.25,-0.15,78.3356
2.4,-0.15,84.39615
2.55,-0.15,90.4901
2.7,-0.15,96.64054999999999
2.85,-0.15,102.86769999999999
3.0,-0.15,109.16524999999999
3.15,-0.15,115.52790000000002
3.3,-0.15,121.98164999999999
3.45,-0.15,128.5549
3.6,-0.15,135.29889999999997
3.75,-0.15,142.24679999999998
3.9,-0.15,149.32305
4.05,-0.15,156.51579999999998
4.2,-0.15,163.81250000000003
4.35,-0.15,171.2067
4.5,-0.15,178.69660000000005
4.65,-0.15,186.28359999999998
4.8,-0.15,193.9619
4.95,-0.15,201.7319
5.1,-0.15,209.6002
5.25,-0.15,217.56454999999997
5.4,-0.15,
,-0.15,
-5.4,-0.3,
-5.25,-0.3,
-5.1,-0.3,-235.86705
-4.95,-0.3,-225.71684999999997
-4.8,-0.3,-215.79555000000005
-4.65,-0.3,-206.09915
-4.5,-0.3,-196.63075
-4.35,-0.3,-187.38965000000002
-4.2,-0.3,-178.37269999999998
-4.05,-0.3,-169.58155
-3.9,-0.3,-161.004
-3.75,-0.3,-152.65505
-3.6,-0.3,-144.53215
-3.45,-0.3,-136.6365
-3.3,-0.3,-128.96635
-3.15,-0.3,-121.52025000000003
-3.0,-0.3,-114.30350000000001
-2.85,-0.3,-107.30895000000001
-2.7,-0.3,-100.54400000000001
-2.55,-0.3,-94.00155000000001
-2.4,-0.3,-87.67645
-2.25,-0.3,-81.56465
-2.1,-0.3,-75.6545
-1.95,-0.3,-69.92855
-1.8,-0.3,-64.1721
-1.65,-0.3,-58.246900000000004
-1.5,-0.3,-52.188300000000005
-1.35,-0.3,-46.05219999999999
-1.2,-0.3,-39.84565
-1.05,-0.3,-33.54335000000001
-0.9,-0.3,-27.164699999999993
-0.75,-0.3,-20.7309
-0.6,-0.3,-14.3072
-0.45,-0.3,-7.83625
-0.3,-0.3,-1.4762499999999998
-0.15,-0.3,3.86465
0.0,-0.3,8.08095
0.15,-0.3,12.472950000000006
0.3,-0.3,16.952
0.45,-0.3,21.520850000000003
0.6,-0.3,26.185249999999996
0.75,-0.3,30.942999999999994
0.9,-0.3,35.796900000000015
1.05,-0.3,40.75205
1.2,-0.3,45.80359999999999
1.35,-0.3,50.95115000000001
1.5,-0.3,56.19685
1.65,-0.3,61.542999999999985
1.8,-0.3,67.11030000000002
1.95,-0.3,72.93505
2.1,-0.3,78.90950000000001
2.25,-0.3,84.9709
2.4,-0.3,91.05494999999999
2.55,-0.3,97.1467
2.7,-0.3,103.28165000000001
2.85,-0.3,109.49565
3.0,-0.3,115.80499999999998
3.15,-0.3,122.16480000000001
3.3,-0.3,128.59485
3.45,-0.3,135.16610000000003
3.6,-0.3,141.90095000000002
3.75,-0.3,148.89755
3.9,-0.3,156.06240000000003
4.05,-0.3,163.36725
4.2,-0.3,170.79394999999997
4.35,-0.3,178.32985000000002
4.5,-0.3,185.9667
4.65,-0.3,193.70085
4.8,-0.3,201.53125
4.95,-0.3,209.45495
5.1,-0.3,217.4773
5.25,-0.3,225.59479999999994
5.4,-0.3,
,-0.3,
-5.4,-0.45,
-5.25,-0.45,
-5.1,-0.45,-228.87034999999997
-4.95,-0.45,-218.89204999999998
-4.8,-0.45,-209.1401
-4.65,-0.45,-199.61399999999998
-4.5,-0.45,-190.31685
-4.35,-0.45,-181.2463
-4.2,-0.45,-172.39965
-4.05,-0.45,-163.77634999999998
-3.9,-0.45,-155.36789999999996
-3.75,-0.45,-147.1885
-3.6,-0.45,-139.23505000000003
-3.45,-0.45,-131.50525
-3.3,-0.45,-124.00245
-3.15,-0.45,-116.72595000000001
-3.0,-0.45,-109.6738
-2.85,-0.45,-102.84199999999998
-2.7,-0.45,-96.23885
-2.55,-0.45,-89.84309999999999
-2.4,-0.45,-83.64744999999999
-2.25,-0.45,-77.64705000000001
-2.1,-0.45,-71.81725000000002
-1.95,-0.45,-66.1259
-1.8,-0.45,-60.344100000000005
-1.65,-0.45,-54.396100000000004
-1.5,-0.45,-48.32800000000001
-1.35,-0.45,-42.21355
-1.2,-0.45,-35.9927
-1.05,-0.45,-29.713750000000005
-0.9,-0.45,-23.3478
-0.75,-0.45,-16.952250000000003
-0.6,-0.45,-10.5394
-0.45,-0.45,-4.064150000000001
-0.3,-0.45,2.35255
-0.15,-0.45,7.919600000000001
0.0,-0.45,12.262900000000004
0.15,-0.45,16.821000000000005
0.3,-0.45,21.466050000000006
0.45,-0.45,26.198850000000004
0.6,-0.45,31.019999999999992
0.75,-0.45,35.9386
0.9,-0.45,40.9496
1.05,-0.45,46.05680000000002
1.2,-0.45,51.26475000000001
1.35,-0.45,56.56755
1.5,-0.45,61.96584999999999
1.65,-0.45,67.465
1.8,-0.45,73.12744999999998
1.95,-0.45,79.70435
2.1,-0.45,86.27470000000001
2.25,-0.45,92.68405
2.4,-0.45,98.96150000000002
2.55,-0.45,105.14620000000002
2.7,-0.45,111.32905000000001
2.85,-0.45,117.55325
3.0,-0.45,123.86985000000001
3.15,-0.45,130.24460000000002
3.3,-0.45,136.67855000000003
3.45,-0.45,143.23605
3.6,-0.45,149.97455
3.75,-0.45,156.9925
3.9,-0.45,164.20659999999998
4.05,-0.45,171.5917
4.2,-0.45,179.12369999999996
4.35,-0.45,186.78135000000003
4.5,-0.45,194.55474999999996
4.65,-0.45,202.4323
4.8,-0.45,210.41019999999995
4.95,-0.45,218.48485
5.1,-0.45,226.65555000000003
5.25,-0.45,234.9241
5.4,-0.45,
,-0.45,
-5.4,-0.6,
-5.25,-0.6,
-5.1,-0.6,-222.16065000000003
-4.95,-0.6,-212.34910000000005
-4.8,-0.6,-202.76579999999998
-4.65,-0.6,-193.4112
-4.5,-0.6,-184.28409999999997
-4.35,-0.6,-175.3838
-4.2,-0.6,-166.7054
-4.05,-0.6,-158.25055000000003
-3.9,-0.6,-150.0115
-3.75,-0.6,-142.00140000000002
-3.6,-0.6,-134.21525
-3.45,-0.6,-126.65214999999998
-3.3,-0.6,-119.31569999999999
-3.15,-0.6,-112.204
-3.0,-0.6,-105.31299999999999
-2.85,-0.6,-98.63845
-2.7,-0.6,-92.16425
-2.55,-0.6,-85.89075
-2.4,-0.6,-79.79525
-2.25,-0.6,-73.8599
-2.1,-0.6,-68.0475
-1.95,-0.6,-62.32480000000002
-1.8,-0.6,-56.51025
-1.65,-0.6,-50.563800000000015
-1.5,-0.6,-44.50485
-1.35,-0.6,-38.388850000000005
-1.2,-0.6,-32.16055
-1.05,-0.6,-25.89855
-0.9,-0.6,-19.564300000000003
-0.75,-0.6,-13.186549999999997
-0.6,-0.6,-6.760200000000002
-0.45,-0.6,-0.2691
-0.3,-0.6,6.2499
-0.15,-0.6,12.048650000000004
0.0,-0.6,16.543100000000003
0.15,-0.6,21.267149999999997
0.3,-0.6,26.077000000000005
0.45,-0.6,30.973750000000003
0.6,-0.6,35.957049999999995
0.75,-0.6,41.03760000000001
0.9,-0.6,46.209050000000026
1.05,-0.6,51.47324999999999
1.2,-0.6,56.834050000000026
1.35,-0.6,62.29309999999998
1.5,-0.6,67.84864999999999
1.65,-0.6,73.5028
1.8,-0.6,79.2862
1.95,-0.6,86.2519
2.1,-0.6,93.25224999999999
2.25,-0.6,100.05280000000002
2.4,-0.6,106.65074999999999
2.55,-0.6,113.04774999999998
2.7,-0.6,119.3667
2.85,-0.6,125.6629
3.0,-0.6,132.00990000000002
3.15,-0.6,138.4201
3.3,-0.6,144.88414999999998
3.45,-0.6,151.44314999999997
3.6,-0.6,158.16230000000002
3.75,-0.6,165.1659
3.9,-0.6,172.40254999999996
4.05,-0.6,179.83974999999998
4.2,-0.6,187.45104999999995
4.35,-0.6,195.20995000000005
4.5,-0.6,203.10135000000005
4.65,-0.6,211.10969999999998
4.8,-0.6,219.22690000000003
4.95,-0.6,227.44515
5.1,-0.6,235.76029999999997
5.25,-0.6,244.17940000000004
5.4,-0.6,
,-0.6,
-5.4,-0.75,
-5.25,-0.75,
-5.1,-0.75,-215.46274999999997
-4.95,-0.75,-205.82375000000002
-4.8,-0.75,-196.41070000000005
-4.65,-0.75,-187.22864999999996
-4.5,-0.75,-178.27079999999998
-4.35,-0.75,-169.53974999999997
-4.2,-0.75,-161.02869999999996
-4.05,-0.75,-152.7419
-3.9,-0.75,-144.6725
-3.75,-0.75,-136.83010000000002
-3.6,-0.75,-129.20964999999998
-3.45,-0.75,-121.81224999999999
-3.3,-0.75,-114.63735000000001
-3.15,-0.75,-107.68075000000002
-3.0,-0.75,-100.9377
-2.85,-0.75,-94.3995
-2.7,-0.75,-88.03505
-2.55,-0.75,-81.85754999999999
-2.4,-0.75,-75.83295000000001
-2.25,-0.75,-69.93634999999999
-2.1,-0.75,-64.1374
-1.95,-0.75,-58.410199999999996
-1.8,-0.75,-52.63615
-1.65,-0.75,-46.72665
-1.5,-0.75,-40.6743
-1.35,-0.75,-34.5515
-1.2,-0.75,-28.35215
-1.05,-0.75,-22.097949999999997
-0.9,-0.75,-15.77595
-0.75,-0.75,-9.3944
-0.6,-0.75,-2.9421999999999997
-0.45,-0.75,3.607549999999999
-0.3,-0.75,10.2441
-0.15,-0.75,16.2556
0.0,-0.75,20.919850000000004
0.15,-0.75,25.81265
0.3,-0.75,30.788050000000005
0.45,-0.75,35.85065000000001
0.6,-0.75,40.99930000000001
0.75,-0.75,46.23895
0.9,-0.75,51.571850000000005
1.05,-0.75,56.9969
1.2,-0.75,62.51484999999999
1.35,-0.75,68.12924999999998
1.5,-0.75,73.84159999999999
1.65,-0.75,79.65165000000002
1.8,-0.75,85.5725
1.95,-0.75,92.77135000000001
2.1,-0.75,100.05665000000002
2.25,-0.75,107.14439999999999
2.4,-0.75,114.0125
2.55,-0.75,120.6564
2.7,-0.75,127.18054999999997
2.85,-0.75,133.62955000000002
3.0,-0.75,140.0594
3.15,-0.75,146.53445000000005
3.3,-0.75,153.03855
3.45,-0.75,159.61650000000003
3.6,-0.75,166.33094999999997
3.75,-0.75,173.33054999999996
3.9,-0.75,180.575
4.05,-0.75,188.0442
4.2,-0.75,195.7101
4.35,-0.75,203.5446
4.5,-0.75,211.53235
4.65,-0.75,219.6537
4.8,-0.75,227.8964
4.95,-0.75,236.25039999999996
5.1,-0.75,244.70895000000002
5.25,-0.75,253.27725
5.4,-0.75,
,-0.75,
-5.4,-0.9,
-5.25,-0.9,
-5.1,-0.9,-208.94645
-4.95,-0.9,-199.4793
-4.8,-0.9,-190.23805000000002
-4.65,-0.9,-181.22599999999994
-4.5,-0.9,-172.43665
-4.35,-0.9,-163.87115
-4.2,-0.9,-155.52884999999998
-4.05,-0.9,-147.41265
-3.9,-0.9,-139.50975000000003
-3.75,-0.9,-131.82985000000002
-3.6,-0.9,-124.37235000000001
-3.45,-0.9,-117.13405
-3.3,-0.9,-110.10975
-3.15,-0.9,-103.29594999999999
-3.0,-0.9,-96.68140000000002
-2.85,-0.9,-90.2527
-2.7,-0.9,-83.98819999999998
-2.55,-0.9,-77.88015
-2.4,-0.9,-71.89580000000001
-2.25,-0.9,-66.01424999999999
-2.1,-0.9,-60.20360000000001
-1.95,-0.9,-54.4414
-1.8,-0.9,-48.72005
-1.65,-0.9,-42.8705
-1.5,-0.9,-36.8379
-1.35,-0.9,-30.71725
-1.2,-0.9,-24.532600000000006
-1.05,-0.9,-18.2966
-0.9,-0.9,-11.98515
-0.75,-0.9,-5.641250000000001
-0.6,-0.9,0.7654500000000001
-0.45,-0.9,7.2512
-0.3,-0.9,13.712399999999999
-0.15,-0.9,19.991499999999995
0.0,-0.9,25.388149999999992
0.15,-0.9,30.453399999999995
0.3,-0.9,35.598
0.45,-0.9,40.827099999999994
0.6,-0.9,46.14225000000002
0.75,-0.9,51.54499999999998
0.9,-0.9,57.0379
1.05,-0.9,62.62450000000001
1.2,-0.9,68.30279999999998
1.35,-0.9,74.0764
1.5,-0.9,79.94574999999998
1.65,-0.9,85.91040000000002
1.8,-0.9,92.01644999999999
1.95,-0.9,99.2259
2.1,-0.9,106.64675000000003
2.25,-0.9,113.94765
2.4,-0.9,121.04724999999999
2.55,-0.9,127.9365
2.7,-0.9,134.6821
2.85,-0.9,141.32475
3.0,-0.9,147.9072
3.15,-0.9,154.4914
3.3,-0.9,161.05285
3.45,-0.9,167.67800000000003
3.6,-0.9,174.44115000000002
3.75,-0.9,181.4649
3.9,-0.9,188.72095000000002
4.05,-0.9,196.20985000000002
4.2,-0.9,203.91304999999997
4.35,-0.9,211.80460000000002
4.5,-0.9,219.86669999999998
4.65,-0.9,228.08229999999998
4.8,-0.9,236.43585000000002
4.95,-0.9,244.91310000000004
5.1,-0.9,253.50609999999998
5.25,-0.9,262.21574999999996
5.4,-0.9,
,-0.9,
-5.4,-1.05,
-5.25,-1.05,
-5.1,-1.05,-202.52325000000002
-4.95,-1.05,-193.22735
-4.8,-1.05,-184.15645
-4.65,-1.05,-175.3111
-4.5,-1.05,-166.68935
-4.35,-1.05,-158.29255
-4.2,-1.05,-150.11894999999998
-4.05,-1.05,-142.1693
-3.9,-1.05,-134.4286
-3.75,-1.05,-126.90735
-3.6,-1.05,-119.606
-3.45,-1.05,-112.51625000000001
-3.3,-1.05,-105.63154999999999
-3.15,-1.05,-98.94395
-3.0,-1.05,-92.43854999999999
-2.85,-1.05,-86.1011
-2.7,-1.05,-79.91119999999998
-2.55,-1.05,-73.8513
-2.4,-1.05,-67.89285000000002
-2.25,-1.05,-62.0188
-2.1,-1.05,-56.2054
-1.95,-1.05,-50.45050000000001
-1.8,-1.05,-44.75345
-1.65,-1.05,-38.94545000000001
-1.5,-1.05,-32.96694999999999
-1.35,-1.05,-26.87205
-1.2,-1.05,-20.70175
-1.05,-1.05,-14.5012
-0.9,-1.05,-8.23565
-0.75,-1.05,-1.91385
-0.6,-1.05,4.4649
-0.45,-1.05,10.894749999999998
-0.3,-1.05,17.32975
-0.15,-1.05,23.770699999999998
0.0,-1.05,29.849399999999996
0.15,-1.05,35.22295
0.3,-1.05,40.601300000000016
0.45,-1.05,46.03044999999998
0.6,-1.05,51.52729999999998
0.75,-1.05,57.103450000000024
0.9,-1.05,62.764449999999975
1.05,-1.05,68.51475
1.2,-1.05,74.35634999999999
1.35,-1.05,80.29235000000003
1.5,-1.05,86.32050000000002
1.65,-1.05,92.43764999999998
1.8,-1.05,98.92139999999998
1.95,-1.05,105.87955
2.1,-1.05,113.10335
2.25,-1.05,120.38045
2.4,-1.05,127.59035000000002
2.55,-1.05,134.66375
2.7,-1.05,141.60460000000003
2.85,-1.05,148.44210000000004
3.0,-1.05,155.20409999999998
3.15,-1.05,161.91904999999997
3.3,-1.05,168.57315
3.45,-1.05,175.2791
3.6,-1.05,182.1333
3.75,-1.05,189.20604999999995
3.9,-1.05,196.49645
4.05,-1.05,204.0103
4.2,-1.05,211.74500000000003
4.35,-1.05,219.68084999999996
4.5,-1.05,227.80285000000003
4.65,-1.05,236.09880000000004
4.8,-1.05,244.54675000000003
4.95,-1.05,253.1328
5.1,-1.05,261.8482
5.25,-1.05,270.68665
5.4,-1.05,
,-1.05,
-5.4,-1.2,
-5.25,-1.2,
-5.1,-1.2,-196.21235000000001
-4.95,-1.2,-187.08565000000004
-4.8,-1.2,-178.1826
-4.65,-1.2,-169.50580000000005
-4.5,-1.2,-161.05180000000001
-4.35,-1.2,-152.82195000000002
-4.2,-1.2,-144.81229999999996
-4.05,-1.2,-137.0233
-3.9,-1.2,-129.44195
-3.75,-1.2,-122.07444999999998
-3.6,-1.2,-114.91925
-3.45,-1.2,-107.96605
-3.3,-1.2,-101.20570000000001
-3.15,-1.2,-94.62604999999999
-3.0,-1.2,-88.21045000000001
-2.85,-1.2,-81.94380000000001
-2.7,-1.2,-75.8077
-2.55,-1.2,-69.77985
-2.4,-1.2,-63.83885
-2.25,-1.2,-57.97219999999999
-2.1,-1.2,-52.164049999999996
-1.95,-1.2,-46.41994999999999
-1.8,-1.2,-40.7401
-1.65,-1.2,-34.963449999999995
-1.5,-1.2,-29.063499999999994
-1.35,-1.2,-23.011400000000002
-1.2,-1.2,-16.8784
-1.05,-1.2,-10.7142
-0.9,-1.2,-4.485600000000002
-0.75,-1.2,1.8167000000000004
-0.6,-1.2,8.1675
-0.45,-1.2,14.5445
-0.3,-1.2,20.976200000000002
-0.15,-1.2,27.423600000000004
0.0,-1.2,33.8907
0.15,-1.2,39.9213
0.3,-1.2,45.75295000000001
0.45,-1.2,51.5047
0.6,-1.2,57.25435000000001
0.75,-1.2,63.04365
0.9,-1.2,68.89530000000002
1.05,-1.2,74.82359999999998
1.2,-1.2,80.83494999999998
1.35,-1.2,86.93434999999997
1.5,-1.2,92.47840000000001
1.65,-1.2,97.99555000000001
1.8,-1.2,104.28509999999999
1.95,-1.2,110.97389999999999
2.1,-1.2,117.95485000000001
2.25,-1.2,125.05125000000001
2.4,-1.2,132.23065
2.55,-1.2,139.40410000000003
2.7,-1.2,146.49229999999997
2.85,-1.2,153.49155
3.0,-1.2,160.42115
3.15,-1.2,167.3034
3.3,-1.2,174.1189
3.45,-1.2,181.00664999999998
3.6,-1.2,188.05260000000004
3.75,-1.2,195.23675
3.9,-1.2,202.60205
4.05,-1.2,210.167
4.2,-1.2,217.9424
4.35,-1.2,225.92145
4.5,-1.2,234.09485
4.65,-1.2,242.45520000000002
4.8,-1.2,250.9831
4.95,-1.2,259.66225
5.1,-1.2,268.48649999999986
5.25,-1.2,277.44620000000003
5.4,-1.2,
,-1.2,
-5.4,-1.35,
-5.25,-1.35,
-5.1,-1.35,-190.12185
-4.95,-1.35,-181.16510000000002
-4.8,-1.35,-172.43
-4.65,-1.35,-163.92149999999998
-4.5,-1.35,-155.6338
-4.35,-1.35,-147.56615000000002
-4.2,-1.35,-139.7184
-4.05,-1.35,-132.0852
-3.9,-1.35,-124.65565
-3.75,-1.35,-117.43299999999999
-3.6,-1.35,-110.41125
-3.45,-1.35,-103.57929999999999
-3.3,-1.35,-96.92710000000001
-3.15,-1.35,-90.4371
-3.0,-1.35,-84.09455
-2.85,-1.35,-77.88285
-2.7,-1.35,-71.78204999999997
-2.55,-1.35,-65.77395
-2.4,-1.35,-59.84169999999999
-2.25,-1.35,-53.9722
-2.1,-1.35,-48.15825
-1.95,-1.35,-42.3912
-1.8,-1.35,-36.66445
-1.65,-1.35,-30.91795000000001
-1.5,-1.35,-25.12325
-1.35,-1.35,-19.13165
-1.2,-1.35,-13.055050000000003
-1.05,-1.35,-6.9049
-0.9,-1.35,-0.7072499999999999
-0.75,-1.35,5.5645
-0.6,-1.35,11.8922
-0.45,-1.35,18.234500000000004
-0.3,-1.35,24.64715
-0.15,-1.35,31.070400000000006
0.0,-1.35,37.5768
0.15,-1.35,43.8893
0.3,-1.35,49.91315
0.45,-1.35,55.910799999999995
0.6,-1.35,61.909349999999996
0.75,-1.35,67.9297
0.9,-1.35,73.99255000000001
1.05,-1.35,80.11385
1.2,-1.35,86.2933
1.35,-1.35,92.08365
1.5,-1.35,97.25454999999998
1.65,-1.35,102.56519999999998
1.8,-1.35,108.39609999999998
1.95,-1.35,114.71940000000002
2.1,-1.35,121.44345000000001
2.25,-1.35,128.4054
2.4,-1.35,135.44334999999998
2.55,-1.35,142.57795000000004
2.7,-1.35,149.7223
2.85,-1.35,156.85455000000002
3.0,-1.35,163.92960000000002
3.15,-1.35,170.98174999999998
3.3,-1.35,177.9999
3.45,-1.35,185.14100000000002
3.6,-1.35,192.42020000000002
3.75,-1.35,199.77035000000004
3.9,-1.35,207.2591
4.05,-1.35,214.9098
4.2,-1.35,222.74745
4.35,-1.35,230.78095000000002
4.5,-1.35,239.00775
4.65,-1.35,247.42559999999997
4.8,-1.35,256.0221
4.95,-1.35,264.78425
5.1,-1.35,273.70259999999996
5.25,-1.35,282.7678
5.4,-1.35,
,-1.35,
-5.4,-1.5,
-5.25,-1.5,
-5.1,-1.5,-184.08865
-4.95,-1.5,-175.30159999999998
-4.8,-1.5,-166.73454999999998
-4.65,-1.5,-158.39034999999998
-4.5,-1.5,-150.26444999999998
-4.35,-1.5,-142.35680000000002
-4.2,-1.5,-134.66514999999998
-4.05,-1.5,-127.18015000000003
-3.9,-1.5,-119.89169999999997
-3.75,-1.5,-112.79990000000001
-3.6,-1.5,-105.89834999999998
-3.45,-1.5,-99.1731
-3.3,-1.5,-92.61030000000001
-3.15,-1.5,-86.19465
-3.0,-1.5,-79.90925000000001
-2.85,-1.5,-73.73769999999999
-2.7,-1.5,-67.65965000000001
-2.55,-1.5,-61.66085
-2.4,-1.5,-55.73045
-2.25,-1.5,-49.856399999999994
-2.1,-1.5,-44.035100000000014
-1.95,-1.5,-38.262600000000006
-1.8,-1.5,-32.5375
-1.65,-1.5,-26.85505
-1.5,-1.5,-21.1014
-1.35,-1.5,-15.193400000000002
-1.2,-1.5,-9.17755
-1.05,-1.5,-3.0665
-0.9,-1.5,3.1017999999999994
-0.75,-1.5,9.34465
-0.6,-1.5,15.634949999999998
-0.45,-1.5,21.96095
-0.3,-1.5,28.348750000000003
-0.15,-1.5,34.78465
0.0,-1.5,41.2855
0.15,-1.5,47.664699999999996
0.3,-1.5,53.75105
0.45,-1.5,59.82854999999999
0.6,-1.5,65.8362
0.75,-1.5,71.88345
0.9,-1.5,77.994
1.05,-1.5,84.1368
1.2,-1.5,90.32635
1.35,-1.5,96.14725000000001
1.5,-1.5,101.6844
1.65,-1.5,107.1445
1.8,-1.5,112.81855
1.95,-1.5,118.8278
2.1,-1.5,125.2091
2.25,-1.5,131.96725
2.4,-1.5,138.8988
2.55,-1.5,145.98424999999997
2.7,-1.5,153.1017
2.85,-1.5,160.2871
3.0,-1.5,167.45324999999997
3.15,-1.5,174.64475
3.3,-1.5,181.86535
3.45,-1.5,189.18325
3.6,-1.5,196.61185000000006
3.75,-1.5,204.12545
3.9,-1.5,211.75560000000002
4.05,-1.5,219.51995000000002
4.2,-1.5,227.44609999999997
4.35,-1.5,235.5513
4.5,-1.5,243.84139999999996
4.65,-1.5,252.31795000000002
4.8,-1.5,260.97889999999995
4.95,-1.5,269.81350000000003
5.1,-1.5,278.81545
5.25,-1.5,287.97595000000007
5.4,-1.5,
,-1.5,
-5.4,-1.65,
-5.25,-1.65,
-5.1,-1.65,-178.26704999999998
-4.95,-1.65,-169.64675
-4.8,-1.65,-161.24460000000005
-4.65,-1.65,-153.06175000000002
-4.5,-1.65,-145.09255
-4.35,-1.65,-137.33895
-4.2,-1.65,-129.7957
-4.05,-1.65,-122.45060000000001
-3.9,-1.65,-115.29180000000001
-3.75,-1.65,-108.3184
-3.6,-1.65,-101.5216
-3.45,-1.65,-94.88545000000002
-3.3,-1.65,-88.39829999999999
-3.15,-1.65,-82.0423
-3.0,-1.65,-75.79705
-2.85,-1.65,-69.65115
-2.7,-1.65,-63.58635
-2.55,-1.65,-57.59255
-2.4,-1.65,-51.657799999999995
-2.25,-1.65,-45.776599999999995
-2.1,-1.65,-39.9456
-1.95,-1.65,-34.15815
-1.8,-1.65,-28.41105
-1.65,-1.65,-22.706
-1.5,-1.65,-16.984250000000003
-1.35,-1.65,-11.1915
-1.2,-1.65,-5.26225
-1.05,-1.65,0.8086
-0.9,-1.65,6.949049999999998
-0.75,-1.65,13.144900000000002
-0.6,-1.65,19.410149999999998
-0.45,-1.65,25.722749999999998
-0.3,-1.65,32.10915
-0.15,-1.65,38.532799999999995
0.0,-1.65,44.9859
0.15,-1.65,51.37984999999999
0.3,-1.65,57.599450000000004
0.45,-1.65,63.74480000000001
0.6,-1.65,69.75595
0.75,-1.65,75.76045
0.9,-1.65,81.86610000000002
1.05,-1.65,87.97515
1.2,-1.65,94.12114999999999
1.35,-1.65,100.12245
1.5,-1.65,105.91360000000002
1.65,-1.65,111.56274999999998
1.8,-1.65,117.26084999999998
1.95,-1.65,123.13584999999998
2.1,-1.65,129.24820000000003
2.25,-1.65,135.7344
2.4,-1.65,142.5357
2.55,-1.65,149.56574999999998
2.7,-1.65,156.7137
2.85,-1.65,163.86220000000006
3.0,-1.65,171.05214999999998
3.15,-1.65,178.3341
3.3,-1.65,185.6668
3.45,-1.65,193.0918
3.6,-1.65,200.6462
3.75,-1.65,208.3044
3.9,-1.65,216.07510000000002
4.05,-1.65,223.96755
4.2,-1.65,232.00195
4.35,-1.65,240.19720000000007
4.5,-1.65,248.56504999999993
4.65,-1.65,257.11115000000007
4.8,-1.65,265.8386
4.95,-1.65,274.74379999999996
5.1,-1.65,283.82280000000003
5.25,-1.65,293.06805
5.4,-1.65,
,-1.65,
-5.4,-1.8,
-5.25,-1.8,
-5.1,-1.8,-172.58374999999998
-4.95,-1.8,-164.1298
-4.8,-1.8,-155.8884
-4.65,-1.8,-147.861
-4.5,-1.8,-140.0453
-4.35,-1.8,-132.43789999999996
-4.2,-1.8,-125.03180000000002
-4.05,-1.8,-117.8136
-3.9,-1.8,-110.77175
-3.75,-1.8,-103.90284999999999
-3.6,-1.8,-97.19619999999998
-3.45,-1.8,-90.63474999999998
-3.3,-1.8,-84.2074
-3.15,-1.8,-77.89379999999998
-3.0,-1.8,-71.67745
-2.85,-1.8,-65.54705
-2.7,-1.8,-59.4901
-2.55,-1.8,-53.4966
-2.4,-1.8,-47.55489999999999
-2.25,-1.8,-41.661500000000004
-2.1,-1.8,-35.81745000000001
-1.95,-1.8,-30.014649999999996
-1.8,-1.8,-24.25145
-1.65,-1.8,-18.5325
-1.5,-1.8,-12.85075
-1.35,-1.8,-7.108
-1.2,-1.8,-1.2801
-1.05,-1.8,4.728149999999999
-0.9,-1.8,10.828199999999999
-0.75,-1.8,16.99615
-0.6,-1.8,23.23075
-0.45,-1.8,29.52174999999999
-0.3,-1.8,35.90105
-0.15,-1.8,42.30445
0.0,-1.8,48.71200000000001
0.15,-1.8,55.12215
0.3,-1.8,61.44035
0.45,-1.8,67.64825
0.6,-1.8,73.78215
0.75,-1.8,79.86285000000001
0.9,-1.8,85.95045000000002
1.05,-1.8,92.00880000000002
1.2,-1.8,98.08165
1.35,-1.8,104.14854999999997
1.5,-1.8,110.07539999999999
1.65,-1.8,115.88224999999997
1.8,-1.8,121.65854999999999
1.95,-1.8,127.50215
2.1,-1.8,133.49615
2.25,-1.8,139.78754999999995
2.4,-1.8,146.3795
2.55,-1.8,153.25555000000003
2.7,-1.8,160.37365
2.85,-1.8,167.56110000000004
3.0,-1.8,174.80979999999997
3.15,-1.8,182.11530000000002
3.3,-1.8,189.54075000000003
3.45,-1.8,197.08925000000002
3.6,-1.8,204.7693
3.75,-1.8,212.56565
3.9,-1.8,220.47439999999997
4.05,-1.8,228.5018
4.2,-1.8,236.6576
4.35,-1.8,244.95744999999997
4.5,-1.8,253.4140500000001
4.65,-1.8,262.0392
4.8,-1.8,270.83950000000004
4.95,-1.8,279.81735000000003
5.1,-1.8,288.9715
5.25,-1.8,298.30004999999994
5.4,-1.8,
,-1.8,
-5.4,-1.95,
-5.25,-1.95,
-5.1,-1.95,-167.19015
-4.95,-1.95,-158.89655000000002
-4.8,-1.95,-150.81105
-4.65,-1.95,-142.93374999999997
-4.5,-1.95,-135.26149999999998
-4.35,-1.95,-127.79075
-4.2,-1.95,-120.51214999999999
-4.05,-1.95,-113.41069999999999
-3.9,-1.95,-106.47314999999999
-3.75,-1.95,-99.69255
-3.6,-1.95,-93.05985
-3.45,-1.95,-86.55919999999999
-3.3,-1.95,-80.17654999999999
-3.15,-1.95,-73.89359999999999
-3.0,-1.95,-67.69705
-2.85,-1.95,-61.57620000000001
-2.7,-1.95,-55.5193
-2.55,-1.95,-49.521049999999995
-2.4,-1.95,-43.56995
-2.25,-1.95,-37.66160000000001
-2.1,-1.95,-31.7988
-1.95,-1.95,-25.975299999999997
-1.8,-1.95,-20.1875
-1.65,-1.95,-14.432599999999999
-1.5,-1.95,-8.697399999999998
-1.35,-1.95,-2.9631000000000003
-1.2,-1.95,2.7935499999999998
-1.05,-1.95,8.71455
-0.9,-1.95,14.77485
-0.75,-1.95,20.918950000000002
-0.6,-1.95,27.13855
-0.45,-1.95,33.41565000000001
-0.3,-1.95,39.745
-0.15,-1.95,46.11109999999999
0.0,-1.95,52.491699999999994
0.15,-1.95,58.902499999999996
0.3,-1.95,65.27135
0.45,-1.95,71.53954999999999
0.6,-1.95,77.7436
0.75,-1.95,83.92069999999998
0.9,-1.95,90.06904999999999
1.05,-1.95,96.12360000000001
1.2,-1.95,102.149
1.35,-1.95,108.23105000000001
1.5,-1.95,114.2379
1.65,-1.95,120.173
1.8,-1.95,126.0248
1.95,-1.95,131.90050000000002
2.1,-1.95,137.86425
2.25,-1.95,144.03925
2.4,-1.95,150.47070000000002
2.55,-1.95,157.1737
2.7,-1.95,164.1249
2.85,-1.95,171.27680000000004
3.0,-1.95,178.59105
3.15,-1.95,185.9897
3.3,-1.95,193.53455000000002
3.45,-1.95,201.2088
3.6,-1.95,209.01345000000006
3.75,-1.95,216.9442
3.9,-1.95,224.98695000000004
4.05,-1.95,233.14990000000003
4.2,-1.95,241.43255000000005
4.35,-1.95,249.84575000000004
4.5,-1.95,258.40435
4.65,-1.95,267.12129999999996
4.8,-1.95,276.00505
4.95,-1.95,285.0635
5.1,-1.95,294.2974499999999
5.25,-1.95,303.70725000000004
5.4,-1.95,
,-1.95,
-5.4,-2.1,
-5.25,-2.1,
-5.1,-2.1,-161.9275
-4.95,-2.1,-153.7899
-4.8,-2.1,-145.85375
-4.65,-2.1,-138.11875
-4.5,-2.1,-130.5821
-4.35,-2.1,-123.23940000000002
-4.2,-2.1,-116.07655
-4.05,-2.1,-109.07829999999998
-3.9,-2.1,-102.23025
-3.75,-2.1,-95.5257
-3.6,-2.1,-88.9546
-3.45,-2.1,-82.50019999999999
-3.3,-2.1,-76.14955
-3.15,-2.1,-69.88619999999999
-3.0,-2.1,-63.69995
-2.85,-2.1,-57.5809
-2.7,-2.1,-51.52054999999999
-2.55,-2.1,-45.5108
-2.4,-2.1,-39.54559999999999
-2.25,-2.1,-33.619450000000015
-2.1,-2.1,-27.733300000000003
-1.95,-2.1,-21.8918
-1.8,-2.1,-16.07635
-1.65,-2.1,-10.289549999999998
-1.5,-2.1,-4.52655
-1.35,-2.1,1.20835
-1.2,-2.1,6.9387
-1.05,-2.1,12.7828
-0.9,-2.1,18.780250000000002
-0.75,-2.1,24.87235
-0.6,-2.1,31.068900000000003
-0.45,-2.1,37.32345
-0.3,-2.1,43.632099999999994
-0.15,-2.1,49.972
0.0,-2.1,56.33669999999999
0.15,-2.1,62.70714999999999
0.3,-2.1,69.09475
0.45,-2.1,75.43485000000001
0.6,-2.1,81.71155000000002
0.75,-2.1,87.95159999999998
0.9,-2.1,94.15055
1.05,-2.1,100.23240000000001
1.2,-2.1,106.27629999999999
1.35,-2.1,112.36355
1.5,-2.1,118.40435
1.65,-2.1,124.4327
1.8,-2.1,130.39515
1.95,-2.1,136.33874999999998
2.1,-2.1,142.29865
2.25,-2.1,148.40984999999998
2.4,-2.1,154.71265
2.55,-2.1,161.2948
2.7,-2.1,168.14275
2.85,-2.1,175.21395
3.0,-2.1,182.46724999999998
3.15,-2.1,189.8928
3.3,-2.1,197.5094
3.45,-2.1,205.28325
3.6,-2.1,213.2005
3.75,-2.1,221.25065000000004
3.9,-2.1,229.42225
4.05,-2.1,237.71604999999994
4.2,-2.1,246.1279
4.35,-2.1,254.664
4.5,-2.1,263.33610000000004
4.65,-2.1,272.1536
4.8,-2.1,281.13045
4.95,-2.1,290.27235
5.1,-2.1,299.58804999999995
5.25,-2.1,309.07705
5.4,-2.1,
,-2.1,
-5.4,-2.25,
-5.25,-2.25,
-5.1,-2.25,-156.9443
-4.95,-2.25,-148.95505
-4.8,-2.25,-141.16000000000003
-4.65,-2.25,-133.56125
-4.5,-2.25,-126.15114999999996
-4.35,-2.25,-118.92184999999999
-4.2,-2.25,-111.85945
-4.05,-2.25,-104.951
-3.9,-2.25,-98.17910000000002
-3.75,-2.25,-91.53764999999999
-3.6,-2.25,-85.01514999999999
-3.45,-2.25,-78.59535000000001
-3.3,-2.25,-72.26585
-3.15,-2.25,-66.0164
-3.0,-2.25,-59.8337
-2.85,-2.25,-53.71
-2.7,-2.25,-47.641349999999996
-2.55,-2.25,-41.61735
-2.4,-2.25,-35.635349999999995
-2.25,-2.25,-29.688500000000005
-2.1,-2.25,-23.777449999999998
-1.95,-2.25,-17.911050000000003
-1.8,-2.25,-12.0678
-1.65,-2.25,-6.247400000000001
-1.5,-2.25,-0.44745
-1.35,-2.25,5.33195
-1.2,-2.25,11.108450000000001
-1.05,-2.25,16.93215
-0.9,-2.25,22.852449999999994
-0.75,-2.25,28.91519999999999
-0.6,-2.25,35.05929999999999
-0.45,-2.25,41.2742
-0.3,-2.25,47.5817
-0.15,-2.25,53.90620000000001
0.0,-2.25,60.2537
0.15,-2.25,66.5934
0.3,-2.25,72.9666
0.45,-2.25,79.33994999999999
0.6,-2.25,85.67274999999998
0.75,-2.25,91.99710000000002
0.9,-2.25,98.25115000000001
1.05,-2.25,104.3448
1.2,-2.25,110.40695000000001
1.35,-2.25,116.52154999999998
1.5,-2.25,122.61125000000001
1.65,-2.25,128.71479999999997
1.8,-2.25,134.753
1.95,-2.25,140.7795
2.1,-2.25,146.77779999999998
2.25,-2.25,152.8536
2.4,-2.25,159.10460000000003
2.55,-2.25,165.61705
2.7,-2.25,172.36395000000002
2.85,-2.25,179.33715
3.0,-2.25,186.5225
3.15,-2.25,193.95369999999997
3.3,-2.25,201.60810000000004
3.45,-2.25,209.44865
3.6,-2.25,217.45629999999997
3.75,-2.25,225.61430000000001
3.9,-2.25,233.90315
4.05,-2.25,242.31959999999995
4.2,-2.25,250.85909999999996
4.35,-2.25,259.52014999999994
4.5,-2.25,268.31215000000003
4.65,-2.25,277.2387
4.8,-2.25,286.3175
4.95,-2.25,295.55405
5.1,-2.25,304.95775
5.25,-2.25,314.5292
5.4,-2.25,
,-2.25,
-5.4,-2.4,
-5.25,-2.4,
-5.1,-2.4,-152.18669999999997
-4.95,-2.4,-144.3367
-4.8,-2.4,-136.67445
-4.65,-2.4,-129.20145000000002
-4.5,-2.4,-121.90705000000003
-4.35,-2.4,-114.77915
-4.2,-2.4,-107.80760000000001
-4.05,-2.4,-100.9768
-3.9,-2.4,-94.26589999999999
-3.75,-2.4,-87.6732
-3.6,-2.4,-81.187
-3.45,-2.4,-74.79285
-3.3,-2.4,-68.4764
-3.15,-2.4,-62.23269999999999
-3.0,-2.4,-56.047450000000005
-2.85,-2.4,-49.917449999999995
-2.7,-2.4,-43.83469999999999
-2.55,-2.4,-37.79259999999999
-2.4,-2.4,-31.789150000000006
-2.25,-2.4,-25.81995
-2.1,-2.4,-19.887050000000002
-1.95,-2.4,-13.986600000000001
-1.8,-2.4,-8.105749999999999
-1.65,-2.4,-2.24735
-1.5,-2.4,3.5985500000000004
-1.35,-2.4,9.4349
-1.2,-2.4,15.273150000000001
-1.05,-2.4,21.11355
-0.9,-2.4,26.985549999999996
-0.75,-2.4,33.019650000000006
-0.6,-2.4,39.10695
-0.45,-2.4,45.302350000000004
-0.3,-2.4,51.58785
-0.15,-2.4,57.88495
0.0,-2.4,64.22455
0.15,-2.4,70.5415
0.3,-2.4,76.91029999999999
0.45,-2.4,83.30814999999998
0.6,-2.4,89.68745
0.75,-2.4,96.06425
0.9,-2.4,102.35660000000001
1.05,-2.4,108.48505
1.2,-2.4,114.60325000000003
1.35,-2.4,120.73715000000001
1.5,-2.4,126.87885000000003
1.65,-2.4,133.04279999999997
1.8,-2.4,139.13385
1.95,-2.4,145.1945
2.1,-2.4,151.2408
2.25,-2.4,157.36155000000002
2.4,-2.4,163.60215
2.55,-2.4,170.0464
2.7,-2.4,176.70899999999997
2.85,-2.4,183.61235
3.0,-2.4,190.78435
3.15,-2.4,198.21375000000003
3.3,-2.4,205.88355
3.45,-2.4,213.7678
3.6,-2.4,221.83959999999996
3.75,-2.4,230.08534999999998
3.9,-2.4,238.47629999999998
4.05,-2.4,247.00629999999995
4.2,-2.4,255.66529999999997
4.35,-2.4,264.44725
4.5,-2.4,273.35904999999997
4.65,-2.4,282.40165
4.8,-2.4,291.58904999999993
4.95,-2.4,300.92695000000003
5.1,-2.4,310.42575
5.25,-2.4,320.08590000000004
5.4,-2.4,
,-2.4,
-5.4,-2.55,
-5.25,-2.55,
-5.1,-2.55,-147.79135000000002
-4.95,-2.55,-140.0729
-4.8,-2.55,-132.53400000000002
-4.65,-2.55,-125.17490000000001
-4.5,-2.55,-117.9846
-4.35,-2.55,-110.94719999999998
-4.2,-2.55,-104.05325
-4.05,-2.55,-97.28505000000001
-3.9,-2.55,-90.62485
-3.75,-2.55,-84.07055
-3.6,-2.55,-77.6086
-3.45,-2.55,-71.2289
-3.3,-2.55,-64.92005000000002
-3.15,-2.55,-58.67455000000001
-3.0,-2.55,-52.48265
-2.85,-2.55,-46.341249999999995
-2.7,-2.55,-40.24185
-2.55,-2.55,-34.1799
-2.4,-2.55,-28.151249999999997
-2.25,-2.55,-22.1564
-2.1,-2.55,-16.19295
-1.95,-2.55,-10.255149999999999
-1.8,-2.55,-4.33225
-1.65,-2.55,1.5727500000000003
-1.5,-2.55,7.475400000000002
-1.35,-2.55,13.3784
-1.2,-2.55,19.293649999999996
-1.05,-2.55,25.230200000000004
-0.9,-2.55,31.19615
-0.75,-2.55,37.23819999999999
-0.6,-2.55,43.27419999999999
-0.45,-2.55,49.436600000000006
-0.3,-2.55,55.67925
-0.15,-2.55,61.9594
0.0,-2.55,68.29485000000001
0.15,-2.55,74.58745
0.3,-2.55,80.9238
0.45,-2.55,87.3223
0.6,-2.55,93.71704999999999
0.75,-2.55,100.1217
0.9,-2.55,106.45785000000001
1.05,-2.55,112.67694999999999
1.2,-2.55,118.87225000000001
1.35,-2.55,125.05454999999999
1.5,-2.55,131.2482
1.65,-2.55,137.42085
1.8,-2.55,143.54149999999998
1.95,-2.55,149.65460000000002
2.1,-2.55,155.7546
2.25,-2.55,161.92265000000003
2.4,-2.55,168.19654999999997
2.55,-2.55,174.6594
2.7,-2.55,181.32005
2.85,-2.55,188.23215
3.0,-2.55,195.4014
3.15,-2.55,202.8281
3.3,-2.55,210.50385
3.45,-2.55,218.41395000000003
3.6,-2.55,226.5315
3.75,-2.55,234.84159999999997
3.9,-2.55,243.31635000000006
4.05,-2.55,251.94189999999998
4.2,-2.55,260.7091
4.35,-2.55,269.60745000000003
4.5,-2.55,278.63960000000003
4.65,-2.55,287.8022
4.8,-2.55,297.10114999999996
4.95,-2.55,306.54655
5.1,-2.55,316.14615
5.25,-2.55,325.90080000000006
5.4,-2.55,
,-2.55,
-5.4,-2.7,
-5.25,-2.7,
-5.1,-2.7,-143.55115
-4.95,-2.7,-135.95405
-4.8,-2.7,-128.52975
-4.65,-2.7,-121.27220000000003
-4.5,-2.7,-114.17120000000003
-4.35,-2.7,-107.2112
-4.2,-2.7,-100.38390000000003
-4.05,-2.7,-93.6659
-3.9,-2.7,-87.04455
-3.75,-2.7,-80.51795000000001
-3.6,-2.7,-74.07240000000002
-3.45,-2.7,-67.70129999999999
-3.3,-2.7,-61.39440000000002
-3.15,-2.7,-55.14465000000001
-3.0,-2.7,-48.9413
-2.85,-2.7,-42.781600000000005
-2.7,-2.7,-36.6622
-2.55,-2.7,-30.57575
-2.4,-2.7,-24.520850000000003
-2.25,-2.7,-18.494549999999997
-2.1,-2.7,-12.494749999999998
-1.95,-2.7,-6.5134
-1.8,-2.7,-0.54215
-1.65,-2.7,5.422999999999999
-1.5,-2.7,11.390099999999997
-1.35,-2.7,17.365650000000002
-1.2,-2.7,23.35935
-1.05,-2.7,29.3755
-0.9,-2.7,35.41779999999999
-0.75,-2.7,41.4803
-0.6,-2.7,47.53204999999999
-0.45,-2.7,53.66185
-0.3,-2.7,59.856500000000004
-0.15,-2.7,66.10925
0.0,-2.7,72.41934999999998
0.15,-2.7,78.72389999999999
0.3,-2.7,85.04915
0.45,-2.7,91.4143
0.6,-2.7,97.80395000000001
0.75,-2.7,104.20815
0.9,-2.7,110.60964999999999
1.05,-2.7,116.95194999999998
1.2,-2.7,123.23625
1.35,-2.7,129.4496
1.5,-2.7,135.65259999999998
1.65,-2.7,141.82210000000003
1.8,-2.7,147.968
1.95,-2.7,154.14204999999998
2.1,-2.7,160.3058
2.25,-2.7,166.6002
2.4,-2.7,173.00544999999997
2.55,-2.7,179.5737
2.7,-2.7,186.31199999999995
2.85,-2.7,193.2647
3.0,-2.7,200.45164999999997
3.15,-2.7,207.88604999999998
3.3,-2.7,215.56785000000005
3.45,-2.7,223.49460000000005
3.6,-2.7,231.64325
3.75,-2.7,239.9994
3.9,-2.7,248.54030000000003
4.05,-2.7,257.24690000000004
4.2,-2.7,266.11165
4.35,-2.7,275.11479999999995
4.5,-2.7,284.2583
4.65,-2.7,293.53595
4.8,-2.7,302.94970000000006
4.95,-2.7,312.50834999999995
5.1,-2.7,322.214
5.25,-2.7,332.07354999999995
5.4,-2.7,
,-2.7,
-5.4,-2.85,
-5.25,-2.85,
-5.1,-2.85,-139.7836
-4.95,-2.85,-132.29929999999996
-4.8,-2.85,-124.97745
-4.65,-2.85,-117.81049999999998
-4.5,-2.85,-110.78835000000001
-4.35,-2.85,-103.89344999999999
-4.2,-2.85,-97.11744999999999
-4.05,-2.85,-90.4385
-3.9,-2.85,-83.84805
-3.75,-2.85,-77.34039999999999
-3.6,-2.85,-70.905
-3.45,-2.85,-64.53675000000001
-3.3,-2.85,-58.224449999999976
-3.15,-2.85,-51.962300000000006
-3.0,-2.85,-45.741699999999994
-2.85,-2.85,-39.56134999999999
-2.7,-2.85,-33.417699999999996
-2.55,-2.85,-27.303950000000004
-2.4,-2.85,-21.218300000000003
-2.25,-2.85,-15.154150000000001
-2.1,-2.85,-9.1107
-1.95,-2.85,-3.0795000000000003
-1.8,-2.85,2.94765
-1.65,-2.85,8.976900000000002
-1.5,-2.85,15.013399999999999
-1.35,-2.85,21.06645
-1.2,-2.85,27.138650000000002
-1.05,-2.85,33.231049999999996
-0.9,-2.85,39.350100000000005
-0.75,-2.85,45.49284999999999
-0.6,-2.85,51.66110000000001
-0.45,-2.85,57.88249999999999
-0.3,-2.85,64.10570000000001
-0.15,-2.85,70.3424
0.0,-2.85,76.62195
0.15,-2.85,82.94895
0.3,-2.85,89.2726
0.45,-2.85,95.6305
0.6,-2.85,102.00384999999997
0.75,-2.85,108.43035000000002
0.9,-2.85,114.8857
1.05,-2.85,121.26169999999999
1.2,-2.85,127.57010000000002
1.35,-2.85,133.81155
1.5,-2.85,140.07
1.65,-2.85,146.276
1.8,-2.85,152.46454999999997
1.95,-2.85,158.77315000000002
2.1,-2.85,165.03705
2.25,-2.85,171.4645
2.4,-2.85,178.00879999999998
2.55,-2.85,184.6911
2.7,-2.85,191.5287
2.85,-2.85,198.55165
3.0,-2.85,205.78434999999996
3.15,-2.85,213.24644999999995
3.3,-2.85,220.94540000000006
3.45,-2.85,228.88860000000005
3.6,-2.85,237.06064999999998
3.75,-2.85,245.44795
3.9,-2.85,254.03835000000004
4.05,-2.85,262.81235000000004
4.2,-2.85,271.7586
4.35,-2.85,280.8534000000001
4.5,-2.85,290.09799999999996
4.65,-2.85,299.48525000000006
4.8,-2.85,309.0093
4.95,-2.85,318.6832
5.1,-2.85,328.49814999999995
5.25,-2.85,338.46145
5.4,-2.85,
,-2.85,
-5.4,-3.0,
-5.25,-3.0,
-5.1,-3.0,-136.21145
-4.95,-3.0,-128.87504999999996
-4.8,-3.0,-121.64315000000002
-4.65,-3.0,-114.55409999999999
-4.5,-3.0,-107.59779999999998
-4.35,-3.0,-100.75574999999999
-4.2,-3.0,-94.01979999999999
-4.05,-3.0,-87.3728
-3.9,-3.0,-80.80325
-3.75,-3.0,-74.30684999999998
-3.6,-3.0,-67.87604999999999
-3.45,-3.0,-61.5034
-3.3,-3.0,-55.180600000000005
-3.15,-3.0,-48.90325000000001
-3.0,-3.0,-42.66405000000001
-2.85,-3.0,-36.45990000000001
-2.7,-3.0,-30.287399999999998
-2.55,-3.0,-24.138799999999996
-2.4,-3.0,-18.016249999999996
-2.25,-3.0,-11.9094
-2.1,-3.0,-5.818
-1.95,-3.0,0.2684500000000001
-1.8,-3.0,6.36005
-1.65,-3.0,12.458150000000002
-1.5,-3.0,18.569000000000003
-1.35,-3.0,24.6986
-1.2,-3.0,30.84960000000001
-1.05,-3.0,37.02254999999999
-0.9,-3.0,43.22195
-0.75,-3.0,49.45055
-0.6,-3.0,55.70525
-0.45,-3.0,61.99715
-0.3,-3.0,68.31460000000001
-0.15,-3.0,74.67490000000001
0.0,-3.0,81.00605
0.15,-3.0,87.311
0.3,-3.0,93.61370000000001
0.45,-3.0,99.96540000000002
0.6,-3.0,106.3078
0.75,-3.0,112.73565
0.9,-3.0,119.19490000000003
1.05,-3.0,125.60514999999998
1.2,-3.0,131.95639999999997
1.35,-3.0,138.22705
1.5,-3.0,144.5084
1.65,-3.0,150.85459999999998
1.8,-3.0,157.18045
1.95,-3.0,163.68290000000002
2.1,-3.0,170.14635
2.25,-3.0,176.71175
2.4,-3.0,183.395
2.55,-3.0,190.20340000000002
2.7,-3.0,197.1519
2.85,-3.0,204.26594999999995
3.0,-3.0,211.56705000000002
3.15,-3.0,219.07929999999996
3.3,-3.0,226.81064999999998
3.45,-3.0,234.7745
3.6,-3.0,242.97079999999997
3.75,-3.0,251.38569999999999
3.9,-3.0,260.01435
4.05,-3.0,268.8393
4.2,-3.0,277.84975
4.35,-3.0,287.02494999999993
4.5,-3.0,296.36255
4.65,-3.0,305.85159999999996
4.8,-3.0,315.4819
4.95,-3.0,325.26360000000005
5.1,-3.0,335.1902
5.25,-3.0,345.2628000000001
5.4,-3.0,
,-3.0,
-5.4,-3.15,
-5.25,-3.15,
-5.1,-3.15,-132.5728
-4.95,-3.15,-125.3709
-4.8,-3.15,-118.2174
-4.65,-3.15,-111.19485000000002
-4.5,-3.15,-104.29220000000001
-4.35,-3.15,-97.49285
-4.2,-3.15,-90.7875
-4.05,-3.15,-84.16409999999999
-3.9,-3.15,-77.60579999999999
-3.75,-3.15,-71.11500000000001
-3.6,-3.15,-64.68195
-3.45,-3.15,-58.299550000000025
-3.3,-3.15,-51.96144999999999
-3.15,-3.15,-45.66475
-3.0,-3.15,-39.402249999999995
-2.85,-3.15,-33.16875
-2.7,-3.15,-26.963150000000006
-2.55,-3.15,-20.777
-2.4,-3.15,-14.609599999999997
-2.25,-3.15,-8.45525
-2.1,-3.15,-2.3064999999999998
-1.95,-3.15,3.8442
-1.8,-3.15,10.0025
-1.65,-3.15,16.16995
-1.5,-3.15,22.3562
-1.35,-3.15,28.56465
-1.2,-3.15,34.79359999999999
-1.05,-3.15,41.04665000000001
-0.9,-3.15,47.32825
-0.75,-3.15,53.6394
-0.6,-3.15,59.97410000000001
-0.45,-3.15,66.3378
-0.3,-3.15,72.72505000000001
-0.15,-3.15,79.13185
0.0,-3.15,85.53349999999999
0.15,-3.15,91.97605
0.3,-3.15,98.44660000000002
0.45,-3.15,104.91345000000001
0.6,-3.15,111.17165
0.75,-3.15,117.39865000000002
0.9,-3.15,123.70309999999998
1.05,-3.15,130.06019999999998
1.2,-3.15,136.45790000000002
1.35,-3.15,142.83765
1.5,-3.15,149.23555
1.65,-3.15,155.79129999999995
1.8,-3.15,162.342
1.95,-3.15,168.99935
2.1,-3.15,175.68415
2.25,-3.15,182.43400000000003
2.4,-3.15,189.27775
2.55,-3.15,196.23029999999997
2.7,-3.15,203.30755000000002
2.85,-3.15,210.53265000000002
3.0,-3.15,217.92154999999997
3.15,-3.15,225.50135
3.3,-3.15,233.2837
3.45,-3.15,241.28505000000004
3.6,-3.15,249.51155
3.75,-3.15,257.95645
3.9,-3.15,266.6190500000001
4.05,-3.15,275.48785000000004
4.2,-3.15,284.5530500000001
4.35,-3.15,293.7971
4.5,-3.15,303.21214999999995
4.65,-3.15,312.7919
4.8,-3.15,322.52615000000003
4.95,-3.15,332.40959999999995
5.1,-3.15,342.44210000000004
5.25,-3.15,352.62340000000006
5.4,-3.15,
,-3.15,
-5.4,-3.3,
-5.25,-3.3,
-5.1,-3.3,-129.07939999999996
-4.95,-3.3,-121.99759999999999
-4.8,-3.3,-114.91010000000001
-4.65,-3.3,-107.94299999999998
-4.5,-3.3,-101.08345
-4.35,-3.3,-94.3161
-4.2,-3.3,-87.6335
-4.05,-3.3,-81.0237
-3.9,-3.3,-74.47064999999999
-3.75,-3.3,-67.97784999999999
-3.6,-3.3,-61.53715
-3.45,-3.3,-55.14175
-3.3,-3.3,-48.78315
-3.15,-3.3,-42.462
-3.0,-3.3,-36.17085
-2.85,-3.3,-29.90505
-2.7,-3.3,-23.660149999999994
-2.55,-3.3,-17.433
-2.4,-3.3,-11.21455
-2.25,-3.3,-5.0058
-2.1,-3.3,1.2018500000000003
-1.95,-3.3,7.4194
-1.8,-3.3,13.65
-1.65,-3.3,19.892449999999997
-1.5,-3.3,26.156149999999997
-1.35,-3.3,32.4406
-1.2,-3.3,38.7488
-1.05,-3.3,45.0851
-0.9,-3.3,51.44820000000001
-0.75,-3.3,57.837450000000004
-0.6,-3.3,64.24820000000001
-0.45,-3.3,70.68545
-0.3,-3.3,77.1532
-0.15,-3.3,83.64349999999999
0.0,-3.3,90.15994999999998
0.15,-3.3,96.82495000000002
0.3,-3.3,103.51880000000001
0.45,-3.3,110.22825000000003
0.6,-3.3,116.72409999999999
0.75,-3.3,123.11455000000001
0.9,-3.3,129.56019999999998
1.05,-3.3,136.0595
1.2,-3.3,142.6156
1.35,-3.3,149.20845000000003
1.5,-3.3,155.82764999999998
1.65,-3.3,162.53879999999998
1.8,-3.3,169.2975
1.95,-3.3,176.13075
2.1,-3.3,183.0151
2.25,-3.3,189.95855
2.4,-3.3,196.97795000000002
2.55,-3.3,204.09219999999996
2.7,-3.3,211.31275
2.85,-3.3,218.66655
3.0,-3.3,226.16485000000003
3.15,-3.3,233.82999999999998
3.3,-3.3,241.68305
3.45,-3.3,249.73749999999995
3.6,-3.3,258.0047
3.75,-3.3,266.48584999999997
3.9,-3.3,275.18174999999997
4.05,-3.3,284.08885
4.2,-3.3,293.1989500000001
4.35,-3.3,302.5008
4.5,-3.3,311.98435
4.65,-3.3,321.64259999999996
4.8,-3.3,331.46684999999997
4.95,-3.3,341.4486
5.1,-3.3,351.5829999999999
5.25,-3.3,361.87004999999994
5.4,-3.3,
,-3.3,
